case_id,config_hash,environment_id,experiment,stage,algorithm,n,S,x,seed,repeat,measurement_mode,comparisons,cpu_seconds,wall_seconds,sort_batch_size,cpu_total_seconds,wall_total_seconds,order_position,length_ok,order_ok,integrity_method,integrity_ok,input_sum,input_sum_squares,input_xor,dataset_sha256,output_sha256,rss_bytes_after,python_version,platform,completed_utc
tune:1000:0:hybrid:8:counted,0cfc5c7c0a5005d27a3bb518d776b983a8427406ffd6c39541c6c0566dfea02b,0c66ee43f1117e7a,c(iii),tune,hybrid,1000,8,1000000,310100,0,counted,9121,,,1,,,0,True,True,exact_histogram+sum+squares+xor,True,500133472,328426401492916,533676,998f1635234f45492a696100253f18aea194252dd7d5cfc64a03c3e20c68bfe2,449e9d486a5120e818e99b17d86a5528a6d73dfee19b63afe5b0f332d3e849cd,45223936,3.13.6,Windows-11-10.0.26200-SP0,2026-09-13T10:55:12.621658+00:00
tune:1000:0:hybrid:4:counted,0cfc5c7c0a5005d27a3bb518d776b983a8427406ffd6c39541c6c0566dfea02b,0c66ee43f1117e7a,c(iii),tune,hybrid,1000,4,1000000,310100,0,counted,8804,,,1,,,1,True,True,exact_histogram+sum+squares+xor,True,500133472,328426401492916,533676,998f1635234f45492a696100253f18aea194252dd7d5cfc64a03c3e20c68bfe2,449e9d486a5120e818e99b17d86a5528a6d73dfee19b63afe5b0f332d3e849cd,45305856,3.13.6,Windows-11-10.0.26200-SP0,2026-09-13T10:55:12.641475+00:00
tune:1000:0:hybrid:1:timed,0cfc5c7c0a5005d27a3bb518d776b983a8427406ffd6c39541c6c0566dfea02b,0c66ee43f1117e7a,c(iii),tune,hybrid,1000,1,1000000,310100,0,timed,,0.00121875,0.001224483799887821,500,0.609375,0.6122418999439105,2,True,True,exact_histogram+sum+squares+xor,True,500133472,328426401492916,533676,998f1635234f45492a696100253f18aea194252dd7d5cfc64a03c3e20c68bfe2,449e9d486a5120e818e99b17d86a5528a6d73dfee19b63afe5b0f332d3e849cd,45703168,3.13.6,Windows-11-10.0.26200-SP0,2026-09-13T10:55:13.272297+00:00
tune:1000:0:hybrid:1:counted,0cfc5c7c0a5005d27a3bb518d776b983a8427406ffd6c39541c6c0566dfea02b,0c66ee43f1117e7a,c(iii),tune,hybrid,1000,1,1000000,310100,0,counted,8728,,,1,,,3,True,True,exact_histogram+sum+squares+xor,True,500133472,328426401492916,533676,998f1635234f45492a696100253f18aea194252dd7d5cfc64a03c3e20c68bfe2,449e9d486a5120e818e99b17d86a5528a6d73dfee19b63afe5b0f332d3e849cd,45727744,3.13.6,Windows-11-10.0.26200-SP0,2026-09-13T10:55:13.290278+00:00
tune:1000:0:hybrid:32:timed,0cfc5c7c0a5005d27a3bb518d776b983a8427406ffd6c39541c6c0566dfea02b,0c66ee43f1117e7a,c(iii),tune,hybrid,1000,32,1000000,310100,0,timed,,0.00096875,0.0009481997999828309,500,0.484375,0.47409989999141544,4,True,True,exact_histogram+sum+squares+xor,True,500133472,328426401492916,533676,998f1635234f45492a696100253f18aea194252dd7d5cfc64a03c3e20c68bfe2,449e9d486a5120e818e99b17d86a5528a6d73dfee19b63afe5b0f332d3e849cd,45580288,3.13.6,Windows-11-10.0.26200-SP0,2026-09-13T10:55:13.781217+00:00
tune:1000:0:hybrid:8:timed,0cfc5c7c0a5005d27a3bb518d776b983a8427406ffd6c39541c6c0566dfea02b,0c66ee43f1117e7a,c(iii),tune,hybrid,1000,8,1000000,310100,0,timed,,0.00121875,0.0012607431998476386,500,0.609375,0.6303715999238193,5,True,True,exact_histogram+sum+squares+xor,True,500133472,328426401492916,533676,998f1635234f45492a696100253f18aea194252dd7d5cfc64a03c3e20c68bfe2,449e9d486a5120e818e99b17d86a5528a6d73dfee19b63afe5b0f332d3e849cd,45563904,3.13.6,Windows-11-10.0.26200-SP0,2026-09-13T10:55:14.431120+00:00
tune:1000:0:hybrid:24:timed,0cfc5c7c0a5005d27a3bb518d776b983a8427406ffd6c39541c6c0566dfea02b,0c66ee43f1117e7a,c(iii),tune,hybrid,1000,24,1000000,310100,0,timed,,0.00184375,0.0018439278001897038,500,0.921875,0.9219639000948519,6,True,True,exact_histogram+sum+squares+xor,True,500133472,328426401492916,533676,998f1635234f45492a696100253f18aea194252dd7d5cfc64a03c3e20c68bfe2,449e9d486a5120e818e99b17d86a5528a6d73dfee19b63afe5b0f332d3e849cd,45690880,3.13.6,Windows-11-10.0.26200-SP0,2026-09-13T10:55:15.384724+00:00
tune:1000:0:hybrid:12:counted,0cfc5c7c0a5005d27a3bb518d776b983a8427406ffd6c39541c6c0566dfea02b,0c66ee43f1117e7a,c(iii),tune,hybrid,1000,12,1000000,310100,0,counted,9121,,,1,,,7,True,True,exact_histogram+sum+squares+xor,True,500133472,328426401492916,533676,998f1635234f45492a696100253f18aea194252dd7d5cfc64a03c3e20c68bfe2,449e9d486a5120e818e99b17d86a5528a6d73dfee19b63afe5b0f332d3e849cd,45797376,3.13.6,Windows-11-10.0.26200-SP0,2026-09-13T10:55:15.414059+00:00
tune:1000:0:hybrid:4:timed,0cfc5c7c0a5005d27a3bb518d776b983a8427406ffd6c39541c6c0566dfea02b,0c66ee43f1117e7a,c(iii),tune,hybrid,1000,4,1000000,310100,0,timed,,0.002,0.002063338799867779,500,1.0,1.0316693999338895,8,True,True,exact_histogram+sum+squares+xor,True,500133472,328426401492916,533676,998f1635234f45492a696100253f18aea194252dd7d5cfc64a03c3e20c68bfe2,449e9d486a5120e818e99b17d86a5528a6d73dfee19b63afe5b0f332d3e849cd,45780992,3.13.6,Windows-11-10.0.26200-SP0,2026-09-13T10:55:16.476646+00:00
tune:1000:0:hybrid:16:counted,0cfc5c7c0a5005d27a3bb518d776b983a8427406ffd6c39541c6c0566dfea02b,0c66ee43f1117e7a,c(iii),tune,hybrid,1000,16,1000000,310100,0,counted,10338,,,1,,,9,True,True,exact_histogram+sum+squares+xor,True,500133472,328426401492916,533676,998f1635234f45492a696100253f18aea194252dd7d5cfc64a03c3e20c68bfe2,449e9d486a5120e818e99b17d86a5528a6d73dfee19b63afe5b0f332d3e849cd,45981696,3.13.6,Windows-11-10.0.26200-SP0,2026-09-13T10:55:16.502259+00:00
tune:1000:0:hybrid:32:counted,0cfc5c7c0a5005d27a3bb518d776b983a8427406ffd6c39541c6c0566dfea02b,0c66ee43f1117e7a,c(iii),tune,hybrid,1000,32,1000000,310100,0,counted,13322,,,1,,,10,True,True,exact_histogram+sum+squares+xor,True,500133472,328426401492916,533676,998f1635234f45492a696100253f18aea194252dd7d5cfc64a03c3e20c68bfe2,449e9d486a5120e818e99b17d86a5528a6d73dfee19b63afe5b0f332d3e849cd,46100480,3.13.6,Windows-11-10.0.26200-SP0,2026-09-13T10:55:16.523181+00:00
tune:1000:0:hybrid:64:counted,0cfc5c7c0a5005d27a3bb518d776b983a8427406ffd6c39541c6c0566dfea02b,0c66ee43f1117e7a,c(iii),tune,hybrid,1000,64,1000000,310100,0,counted,19989,,,1,,,11,True,True,exact_histogram+sum+squares+xor,True,500133472,328426401492916,533676,998f1635234f45492a696100253f18aea194252dd7d5cfc64a03c3e20c68bfe2,449e9d486a5120e818e99b17d86a5528a6d73dfee19b63afe5b0f332d3e849cd,46100480,3.13.6,Windows-11-10.0.26200-SP0,2026-09-13T10:55:16.557634+00:00
tune:1000:0:hybrid:64:timed,0cfc5c7c0a5005d27a3bb518d776b983a8427406ffd6c39541c6c0566dfea02b,0c66ee43f1117e7a,c(iii),tune,hybrid,1000,64,1000000,310100,0,timed,,0.00278125,0.002818061799975112,500,1.390625,1.409030899987556,12,True,True,exact_histogram+sum+squares+xor,True,500133472,328426401492916,533676,998f1635234f45492a696100253f18aea194252dd7d5cfc64a03c3e20c68bfe2,449e9d486a5120e818e99b17d86a5528a6d73dfee19b63afe5b0f332d3e849cd,45842432,3.13.6,Windows-11-10.0.26200-SP0,2026-09-13T10:55:18.000223+00:00
tune:1000:0:hybrid:48:timed,0cfc5c7c0a5005d27a3bb518d776b983a8427406ffd6c39541c6c0566dfea02b,0c66ee43f1117e7a,c(iii),tune,hybrid,1000,48,1000000,310100,0,timed,,0.0023125,0.002371121000032872,500,1.15625,1.185560500016436,13,True,True,exact_histogram+sum+squares+xor,True,500133472,328426401492916,533676,998f1635234f45492a696100253f18aea194252dd7d5cfc64a03c3e20c68bfe2,449e9d486a5120e818e99b17d86a5528a6d73dfee19b63afe5b0f332d3e849cd,45985792,3.13.6,Windows-11-10.0.26200-SP0,2026-09-13T10:55:19.221906+00:00
tune:1000:0:hybrid:24:counted,0cfc5c7c0a5005d27a3bb518d776b983a8427406ffd6c39541c6c0566dfea02b,0c66ee43f1117e7a,c(iii),tune,hybrid,1000,24,1000000,310100,0,counted,10338,,,1,,,14,True,True,exact_histogram+sum+squares+xor,True,500133472,328426401492916,533676,998f1635234f45492a696100253f18aea194252dd7d5cfc64a03c3e20c68bfe2,449e9d486a5120e818e99b17d86a5528a6d73dfee19b63afe5b0f332d3e849cd,46231552,3.13.6,Windows-11-10.0.26200-SP0,2026-09-13T10:55:19.255623+00:00
tune:1000:0:hybrid:16:timed,0cfc5c7c0a5005d27a3bb518d776b983a8427406ffd6c39541c6c0566dfea02b,0c66ee43f1117e7a,c(iii),tune,hybrid,1000,16,1000000,310100,0,timed,,0.0015,0.0016412039999850094,500,0.75,0.8206019999925047,15,True,True,exact_histogram+sum+squares+xor,True,500133472,328426401492916,533676,998f1635234f45492a696100253f18aea194252dd7d5cfc64a03c3e20c68bfe2,449e9d486a5120e818e99b17d86a5528a6d73dfee19b63afe5b0f332d3e849cd,45899776,3.13.6,Windows-11-10.0.26200-SP0,2026-09-13T10:55:20.120921+00:00
tune:1000:0:hybrid:12:timed,0cfc5c7c0a5005d27a3bb518d776b983a8427406ffd6c39541c6c0566dfea02b,0c66ee43f1117e7a,c(iii),tune,hybrid,1000,12,1000000,310100,0,timed,,0.0015,0.001537488400004804,500,0.75,0.7687442000024021,16,True,True,exact_histogram+sum+squares+xor,True,500133472,328426401492916,533676,998f1635234f45492a696100253f18aea194252dd7d5cfc64a03c3e20c68bfe2,449e9d486a5120e818e99b17d86a5528a6d73dfee19b63afe5b0f332d3e849cd,45490176,3.13.6,Windows-11-10.0.26200-SP0,2026-09-13T10:55:20.936884+00:00
tune:1000:0:hybrid:48:counted,0cfc5c7c0a5005d27a3bb518d776b983a8427406ffd6c39541c6c0566dfea02b,0c66ee43f1117e7a,c(iii),tune,hybrid,1000,48,1000000,310100,0,counted,13322,,,1,,,17,True,True,exact_histogram+sum+squares+xor,True,500133472,328426401492916,533676,998f1635234f45492a696100253f18aea194252dd7d5cfc64a03c3e20c68bfe2,449e9d486a5120e818e99b17d86a5528a6d73dfee19b63afe5b0f332d3e849cd,45817856,3.13.6,Windows-11-10.0.26200-SP0,2026-09-13T10:55:20.969351+00:00
tune:1000:1:hybrid:1:counted,0cfc5c7c0a5005d27a3bb518d776b983a8427406ffd6c39541c6c0566dfea02b,0c66ee43f1117e7a,c(iii),tune,hybrid,1000,1,1000000,310101,1,counted,8698,,,1,,,0,True,True,exact_histogram+sum+squares+xor,True,508420457,342868203947417,220945,ccf609886f4370bb1ecc6165ccff40f0bacbf1b085635543e9587b3d25a95f1b,36f2ccafd185bfb0b14532d473277c1788fa59d39f3487a09e02c32a517fb559,45850624,3.13.6,Windows-11-10.0.26200-SP0,2026-09-13T10:55:20.996263+00:00
tune:1000:1:hybrid:16:timed,0cfc5c7c0a5005d27a3bb518d776b983a8427406ffd6c39541c6c0566dfea02b,0c66ee43f1117e7a,c(iii),tune,hybrid,1000,16,1000000,310101,1,timed,,0.0016875,0.0017180963999126107,500,0.84375,0.8590481999563053,1,True,True,exact_histogram+sum+squares+xor,True,508420457,342868203947417,220945,ccf609886f4370bb1ecc6165ccff40f0bacbf1b085635543e9587b3d25a95f1b,36f2ccafd185bfb0b14532d473277c1788fa59d39f3487a09e02c32a517fb559,45830144,3.13.6,Windows-11-10.0.26200-SP0,2026-09-13T10:55:21.888159+00:00
tune:1000:1:hybrid:4:counted,0cfc5c7c0a5005d27a3bb518d776b983a8427406ffd6c39541c6c0566dfea02b,0c66ee43f1117e7a,c(iii),tune,hybrid,1000,4,1000000,310101,1,counted,8757,,,1,,,2,True,True,exact_histogram+sum+squares+xor,True,508420457,342868203947417,220945,ccf609886f4370bb1ecc6165ccff40f0bacbf1b085635543e9587b3d25a95f1b,36f2ccafd185bfb0b14532d473277c1788fa59d39f3487a09e02c32a517fb559,45928448,3.13.6,Windows-11-10.0.26200-SP0,2026-09-13T10:55:21.918608+00:00
tune:1000:1:hybrid:8:counted,0cfc5c7c0a5005d27a3bb518d776b983a8427406ffd6c39541c6c0566dfea02b,0c66ee43f1117e7a,c(iii),tune,hybrid,1000,8,1000000,310101,1,counted,9109,,,1,,,3,True,True,exact_histogram+sum+squares+xor,True,508420457,342868203947417,220945,ccf609886f4370bb1ecc6165ccff40f0bacbf1b085635543e9587b3d25a95f1b,36f2ccafd185bfb0b14532d473277c1788fa59d39f3487a09e02c32a517fb559,45928448,3.13.6,Windows-11-10.0.26200-SP0,2026-09-13T10:55:21.937984+00:00
tune:1000:1:hybrid:1:timed,0cfc5c7c0a5005d27a3bb518d776b983a8427406ffd6c39541c6c0566dfea02b,0c66ee43f1117e7a,c(iii),tune,hybrid,1000,1,1000000,310101,1,timed,,0.00259375,0.002701909200055525,500,1.296875,1.3509546000277624,4,True,True,exact_histogram+sum+squares+xor,True,508420457,342868203947417,220945,ccf609886f4370bb1ecc6165ccff40f0bacbf1b085635543e9587b3d25a95f1b,36f2ccafd185bfb0b14532d473277c1788fa59d39f3487a09e02c32a517fb559,45916160,3.13.6,Windows-11-10.0.26200-SP0,2026-09-13T10:55:23.318088+00:00
tune:1000:1:hybrid:24:timed,0cfc5c7c0a5005d27a3bb518d776b983a8427406ffd6c39541c6c0566dfea02b,0c66ee43f1117e7a,c(iii),tune,hybrid,1000,24,1000000,310101,1,timed,,0.00178125,0.0017900586000178008,500,0.890625,0.8950293000089005,5,True,True,exact_histogram+sum+squares+xor,True,508420457,342868203947417,220945,ccf609886f4370bb1ecc6165ccff40f0bacbf1b085635543e9587b3d25a95f1b,36f2ccafd185bfb0b14532d473277c1788fa59d39f3487a09e02c32a517fb559,45830144,3.13.6,Windows-11-10.0.26200-SP0,2026-09-13T10:55:24.241872+00:00
tune:1000:1:hybrid:4:timed,0cfc5c7c0a5005d27a3bb518d776b983a8427406ffd6c39541c6c0566dfea02b,0c66ee43f1117e7a,c(iii),tune,hybrid,1000,4,1000000,310101,1,timed,,0.00178125,0.0017762769998516887,500,0.890625,0.8881384999258444,6,True,True,exact_histogram+sum+squares+xor,True,508420457,342868203947417,220945,ccf609886f4370bb1ecc6165ccff40f0bacbf1b085635543e9587b3d25a95f1b,36f2ccafd185bfb0b14532d473277c1788fa59d39f3487a09e02c32a517fb559,45830144,3.13.6,Windows-11-10.0.26200-SP0,2026-09-13T10:55:25.177782+00:00
tune:1000:1:hybrid:8:timed,0cfc5c7c0a5005d27a3bb518d776b983a8427406ffd6c39541c6c0566dfea02b,0c66ee43f1117e7a,c(iii),tune,hybrid,1000,8,1000000,310101,1,timed,,0.00171875,0.0017339588000904768,500,0.859375,0.8669794000452384,7,True,True,exact_histogram+sum+squares+xor,True,508420457,342868203947417,220945,ccf609886f4370bb1ecc6165ccff40f0bacbf1b085635543e9587b3d25a95f1b,36f2ccafd185bfb0b14532d473277c1788fa59d39f3487a09e02c32a517fb559,45907968,3.13.6,Windows-11-10.0.26200-SP0,2026-09-13T10:55:26.084743+00:00
tune:1000:1:hybrid:32:counted,0cfc5c7c0a5005d27a3bb518d776b983a8427406ffd6c39541c6c0566dfea02b,0c66ee43f1117e7a,c(iii),tune,hybrid,1000,32,1000000,310101,1,counted,13296,,,1,,,8,True,True,exact_histogram+sum+squares+xor,True,508420457,342868203947417,220945,ccf609886f4370bb1ecc6165ccff40f0bacbf1b085635543e9587b3d25a95f1b,36f2ccafd185bfb0b14532d473277c1788fa59d39f3487a09e02c32a517fb559,46170112,3.13.6,Windows-11-10.0.26200-SP0,2026-09-13T10:55:26.111255+00:00
tune:1000:1:hybrid:12:timed,0cfc5c7c0a5005d27a3bb518d776b983a8427406ffd6c39541c6c0566dfea02b,0c66ee43f1117e7a,c(iii),tune,hybrid,1000,12,1000000,310101,1,timed,,0.00171875,0.0017747945999726654,500,0.859375,0.8873972999863327,9,True,True,exact_histogram+sum+squares+xor,True,508420457,342868203947417,220945,ccf609886f4370bb1ecc6165ccff40f0bacbf1b085635543e9587b3d25a95f1b,36f2ccafd185bfb0b14532d473277c1788fa59d39f3487a09e02c32a517fb559,45830144,3.13.6,Windows-11-10.0.26200-SP0,2026-09-13T10:55:27.032450+00:00
tune:1000:1:hybrid:16:counted,0cfc5c7c0a5005d27a3bb518d776b983a8427406ffd6c39541c6c0566dfea02b,0c66ee43f1117e7a,c(iii),tune,hybrid,1000,16,1000000,310101,1,counted,10353,,,1,,,10,True,True,exact_histogram+sum+squares+xor,True,508420457,342868203947417,220945,ccf609886f4370bb1ecc6165ccff40f0bacbf1b085635543e9587b3d25a95f1b,36f2ccafd185bfb0b14532d473277c1788fa59d39f3487a09e02c32a517fb559,45907968,3.13.6,Windows-11-10.0.26200-SP0,2026-09-13T10:55:27.066716+00:00
tune:1000:1:hybrid:48:timed,0cfc5c7c0a5005d27a3bb518d776b983a8427406ffd6c39541c6c0566dfea02b,0c66ee43f1117e7a,c(iii),tune,hybrid,1000,48,1000000,310101,1,timed,,0.00203125,0.0021053506000898777,500,1.015625,1.052675300044939,11,True,True,exact_histogram+sum+squares+xor,True,508420457,342868203947417,220945,ccf609886f4370bb1ecc6165ccff40f0bacbf1b085635543e9587b3d25a95f1b,36f2ccafd185bfb0b14532d473277c1788fa59d39f3487a09e02c32a517fb559,45912064,3.13.6,Windows-11-10.0.26200-SP0,2026-09-13T10:55:28.165052+00:00
tune:1000:1:hybrid:32:timed,0cfc5c7c0a5005d27a3bb518d776b983a8427406ffd6c39541c6c0566dfea02b,0c66ee43f1117e7a,c(iii),tune,hybrid,1000,32,1000000,310101,1,timed,,0.001875,0.0019155007998924703,500,0.9375,0.9577503999462351,12,True,True,exact_histogram+sum+squares+xor,True,508420457,342868203947417,220945,ccf609886f4370bb1ecc6165ccff40f0bacbf1b085635543e9587b3d25a95f1b,36f2ccafd185bfb0b14532d473277c1788fa59d39f3487a09e02c32a517fb559,45838336,3.13.6,Windows-11-10.0.26200-SP0,2026-09-13T10:55:29.164580+00:00
tune:1000:1:hybrid:64:timed,0cfc5c7c0a5005d27a3bb518d776b983a8427406ffd6c39541c6c0566dfea02b,0c66ee43f1117e7a,c(iii),tune,hybrid,1000,64,1000000,310101,1,timed,,0.0028125,0.0028597919999156147,500,1.40625,1.4298959999578074,13,True,True,exact_histogram+sum+squares+xor,True,508420457,342868203947417,220945,ccf609886f4370bb1ecc6165ccff40f0bacbf1b085635543e9587b3d25a95f1b,36f2ccafd185bfb0b14532d473277c1788fa59d39f3487a09e02c32a517fb559,45838336,3.13.6,Windows-11-10.0.26200-SP0,2026-09-13T10:55:30.636645+00:00
tune:1000:1:hybrid:12:counted,0cfc5c7c0a5005d27a3bb518d776b983a8427406ffd6c39541c6c0566dfea02b,0c66ee43f1117e7a,c(iii),tune,hybrid,1000,12,1000000,310101,1,counted,9109,,,1,,,14,True,True,exact_histogram+sum+squares+xor,True,508420457,342868203947417,220945,ccf609886f4370bb1ecc6165ccff40f0bacbf1b085635543e9587b3d25a95f1b,36f2ccafd185bfb0b14532d473277c1788fa59d39f3487a09e02c32a517fb559,45936640,3.13.6,Windows-11-10.0.26200-SP0,2026-09-13T10:55:30.659530+00:00
tune:1000:1:hybrid:24:counted,0cfc5c7c0a5005d27a3bb518d776b983a8427406ffd6c39541c6c0566dfea02b,0c66ee43f1117e7a,c(iii),tune,hybrid,1000,24,1000000,310101,1,counted,10353,,,1,,,15,True,True,exact_histogram+sum+squares+xor,True,508420457,342868203947417,220945,ccf609886f4370bb1ecc6165ccff40f0bacbf1b085635543e9587b3d25a95f1b,36f2ccafd185bfb0b14532d473277c1788fa59d39f3487a09e02c32a517fb559,45936640,3.13.6,Windows-11-10.0.26200-SP0,2026-09-13T10:55:30.684466+00:00
tune:1000:1:hybrid:64:counted,0cfc5c7c0a5005d27a3bb518d776b983a8427406ffd6c39541c6c0566dfea02b,0c66ee43f1117e7a,c(iii),tune,hybrid,1000,64,1000000,310101,1,counted,20528,,,1,,,16,True,True,exact_histogram+sum+squares+xor,True,508420457,342868203947417,220945,ccf609886f4370bb1ecc6165ccff40f0bacbf1b085635543e9587b3d25a95f1b,36f2ccafd185bfb0b14532d473277c1788fa59d39f3487a09e02c32a517fb559,45936640,3.13.6,Windows-11-10.0.26200-SP0,2026-09-13T10:55:30.720124+00:00
tune:1000:1:hybrid:48:counted,0cfc5c7c0a5005d27a3bb518d776b983a8427406ffd6c39541c6c0566dfea02b,0c66ee43f1117e7a,c(iii),tune,hybrid,1000,48,1000000,310101,1,counted,13296,,,1,,,17,True,True,exact_histogram+sum+squares+xor,True,508420457,342868203947417,220945,ccf609886f4370bb1ecc6165ccff40f0bacbf1b085635543e9587b3d25a95f1b,36f2ccafd185bfb0b14532d473277c1788fa59d39f3487a09e02c32a517fb559,45944832,3.13.6,Windows-11-10.0.26200-SP0,2026-09-13T10:55:30.742642+00:00
tune:1000:2:hybrid:32:timed,0cfc5c7c0a5005d27a3bb518d776b983a8427406ffd6c39541c6c0566dfea02b,0c66ee43f1117e7a,c(iii),tune,hybrid,1000,32,1000000,310102,2,timed,,0.00209375,0.0020935490000993013,500,1.046875,1.0467745000496507,0,True,True,exact_histogram+sum+squares+xor,True,494940847,328944577469859,562853,843ab91730b716793c954871cf26a0ea34aa4bf8bbcbfc0ad24a26b10c7425d0,d6bd8fbf9cc5de6aacd6532c9a813fdc7a9c8b087ac63d19fc63ac9a19f41021,45920256,3.13.6,Windows-11-10.0.26200-SP0,2026-09-13T10:55:31.824110+00:00
tune:1000:2:hybrid:48:counted,0cfc5c7c0a5005d27a3bb518d776b983a8427406ffd6c39541c6c0566dfea02b,0c66ee43f1117e7a,c(iii),tune,hybrid,1000,48,1000000,310102,2,counted,13576,,,1,,,1,True,True,exact_histogram+sum+squares+xor,True,494940847,328944577469859,562853,843ab91730b716793c954871cf26a0ea34aa4bf8bbcbfc0ad24a26b10c7425d0,d6bd8fbf9cc5de6aacd6532c9a813fdc7a9c8b087ac63d19fc63ac9a19f41021,46166016,3.13.6,Windows-11-10.0.26200-SP0,2026-09-13T10:55:31.869108+00:00
tune:1000:2:hybrid:24:timed,0cfc5c7c0a5005d27a3bb518d776b983a8427406ffd6c39541c6c0566dfea02b,0c66ee43f1117e7a,c(iii),tune,hybrid,1000,24,1000000,310102,2,timed,,0.00196875,0.0019581801998429,500,0.984375,0.97909009992145,2,True,True,exact_histogram+sum+squares+xor,True,494940847,328944577469859,562853,843ab91730b716793c954871cf26a0ea34aa4bf8bbcbfc0ad24a26b10c7425d0,d6bd8fbf9cc5de6aacd6532c9a813fdc7a9c8b087ac63d19fc63ac9a19f41021,45846528,3.13.6,Windows-11-10.0.26200-SP0,2026-09-13T10:55:32.895914+00:00
tune:1000:2:hybrid:16:timed,0cfc5c7c0a5005d27a3bb518d776b983a8427406ffd6c39541c6c0566dfea02b,0c66ee43f1117e7a,c(iii),tune,hybrid,1000,16,1000000,310102,2,timed,,0.001625,0.001726375399855897,500,0.8125,0.8631876999279484,3,True,True,exact_histogram+sum+squares+xor,True,494940847,328944577469859,562853,843ab91730b716793c954871cf26a0ea34aa4bf8bbcbfc0ad24a26b10c7425d0,d6bd8fbf9cc5de6aacd6532c9a813fdc7a9c8b087ac63d19fc63ac9a19f41021,45645824,3.13.6,Windows-11-10.0.26200-SP0,2026-09-13T10:55:33.795862+00:00
tune:1000:2:hybrid:8:timed,0cfc5c7c0a5005d27a3bb518d776b983a8427406ffd6c39541c6c0566dfea02b,0c66ee43f1117e7a,c(iii),tune,hybrid,1000,8,1000000,310102,2,timed,,0.00165625,0.0016924246000126005,500,0.828125,0.8462123000063002,4,True,True,exact_histogram+sum+squares+xor,True,494940847,328944577469859,562853,843ab91730b716793c954871cf26a0ea34aa4bf8bbcbfc0ad24a26b10c7425d0,d6bd8fbf9cc5de6aacd6532c9a813fdc7a9c8b087ac63d19fc63ac9a19f41021,45834240,3.13.6,Windows-11-10.0.26200-SP0,2026-09-13T10:55:34.685155+00:00
tune:1000:2:hybrid:16:counted,0cfc5c7c0a5005d27a3bb518d776b983a8427406ffd6c39541c6c0566dfea02b,0c66ee43f1117e7a,c(iii),tune,hybrid,1000,16,1000000,310102,2,counted,10282,,,1,,,5,True,True,exact_histogram+sum+squares+xor,True,494940847,328944577469859,562853,843ab91730b716793c954871cf26a0ea34aa4bf8bbcbfc0ad24a26b10c7425d0,d6bd8fbf9cc5de6aacd6532c9a813fdc7a9c8b087ac63d19fc63ac9a19f41021,45932544,3.13.6,Windows-11-10.0.26200-SP0,2026-09-13T10:55:34.712899+00:00
tune:1000:2:hybrid:4:counted,0cfc5c7c0a5005d27a3bb518d776b983a8427406ffd6c39541c6c0566dfea02b,0c66ee43f1117e7a,c(iii),tune,hybrid,1000,4,1000000,310102,2,counted,8767,,,1,,,6,True,True,exact_histogram+sum+squares+xor,True,494940847,328944577469859,562853,843ab91730b716793c954871cf26a0ea34aa4bf8bbcbfc0ad24a26b10c7425d0,d6bd8fbf9cc5de6aacd6532c9a813fdc7a9c8b087ac63d19fc63ac9a19f41021,45940736,3.13.6,Windows-11-10.0.26200-SP0,2026-09-13T10:55:34.743316+00:00
tune:1000:2:hybrid:1:timed,0cfc5c7c0a5005d27a3bb518d776b983a8427406ffd6c39541c6c0566dfea02b,0c66ee43f1117e7a,c(iii),tune,hybrid,1000,1,1000000,310102,2,timed,,0.002625,0.0026639970000833274,500,1.3125,1.3319985000416636,7,True,True,exact_histogram+sum+squares+xor,True,494940847,328944577469859,562853,843ab91730b716793c954871cf26a0ea34aa4bf8bbcbfc0ad24a26b10c7425d0,d6bd8fbf9cc5de6aacd6532c9a813fdc7a9c8b087ac63d19fc63ac9a19f41021,45862912,3.13.6,Windows-11-10.0.26200-SP0,2026-09-13T10:55:36.111049+00:00
tune:1000:2:hybrid:1:counted,0cfc5c7c0a5005d27a3bb518d776b983a8427406ffd6c39541c6c0566dfea02b,0c66ee43f1117e7a,c(iii),tune,hybrid,1000,1,1000000,310102,2,counted,8706,,,1,,,8,True,True,exact_histogram+sum+squares+xor,True,494940847,328944577469859,562853,843ab91730b716793c954871cf26a0ea34aa4bf8bbcbfc0ad24a26b10c7425d0,d6bd8fbf9cc5de6aacd6532c9a813fdc7a9c8b087ac63d19fc63ac9a19f41021,45936640,3.13.6,Windows-11-10.0.26200-SP0,2026-09-13T10:55:36.134263+00:00
tune:1000:2:hybrid:8:counted,0cfc5c7c0a5005d27a3bb518d776b983a8427406ffd6c39541c6c0566dfea02b,0c66ee43f1117e7a,c(iii),tune,hybrid,1000,8,1000000,310102,2,counted,9098,,,1,,,9,True,True,exact_histogram+sum+squares+xor,True,494940847,328944577469859,562853,843ab91730b716793c954871cf26a0ea34aa4bf8bbcbfc0ad24a26b10c7425d0,d6bd8fbf9cc5de6aacd6532c9a813fdc7a9c8b087ac63d19fc63ac9a19f41021,45936640,3.13.6,Windows-11-10.0.26200-SP0,2026-09-13T10:55:36.172214+00:00
tune:1000:2:hybrid:12:timed,0cfc5c7c0a5005d27a3bb518d776b983a8427406ffd6c39541c6c0566dfea02b,0c66ee43f1117e7a,c(iii),tune,hybrid,1000,12,1000000,310102,2,timed,,0.0016875,0.0017520598000846804,500,0.84375,0.8760299000423402,10,True,True,exact_histogram+sum+squares+xor,True,494940847,328944577469859,562853,843ab91730b716793c954871cf26a0ea34aa4bf8bbcbfc0ad24a26b10c7425d0,d6bd8fbf9cc5de6aacd6532c9a813fdc7a9c8b087ac63d19fc63ac9a19f41021,45920256,3.13.6,Windows-11-10.0.26200-SP0,2026-09-13T10:55:37.074449+00:00
tune:1000:2:hybrid:12:counted,0cfc5c7c0a5005d27a3bb518d776b983a8427406ffd6c39541c6c0566dfea02b,0c66ee43f1117e7a,c(iii),tune,hybrid,1000,12,1000000,310102,2,counted,9098,,,1,,,11,True,True,exact_histogram+sum+squares+xor,True,494940847,328944577469859,562853,843ab91730b716793c954871cf26a0ea34aa4bf8bbcbfc0ad24a26b10c7425d0,d6bd8fbf9cc5de6aacd6532c9a813fdc7a9c8b087ac63d19fc63ac9a19f41021,46182400,3.13.6,Windows-11-10.0.26200-SP0,2026-09-13T10:55:37.100866+00:00
tune:1000:2:hybrid:64:timed,0cfc5c7c0a5005d27a3bb518d776b983a8427406ffd6c39541c6c0566dfea02b,0c66ee43f1117e7a,c(iii),tune,hybrid,1000,64,1000000,310102,2,timed,,0.00246875,0.0025734972001519056,500,1.234375,1.2867486000759527,12,True,True,exact_histogram+sum+squares+xor,True,494940847,328944577469859,562853,843ab91730b716793c954871cf26a0ea34aa4bf8bbcbfc0ad24a26b10c7425d0,d6bd8fbf9cc5de6aacd6532c9a813fdc7a9c8b087ac63d19fc63ac9a19f41021,45846528,3.13.6,Windows-11-10.0.26200-SP0,2026-09-13T10:55:38.440951+00:00
tune:1000:2:hybrid:32:counted,0cfc5c7c0a5005d27a3bb518d776b983a8427406ffd6c39541c6c0566dfea02b,0c66ee43f1117e7a,c(iii),tune,hybrid,1000,32,1000000,310102,2,counted,13576,,,1,,,13,True,True,exact_histogram+sum+squares+xor,True,494940847,328944577469859,562853,843ab91730b716793c954871cf26a0ea34aa4bf8bbcbfc0ad24a26b10c7425d0,d6bd8fbf9cc5de6aacd6532c9a813fdc7a9c8b087ac63d19fc63ac9a19f41021,45932544,3.13.6,Windows-11-10.0.26200-SP0,2026-09-13T10:55:38.472144+00:00
tune:1000:2:hybrid:48:timed,0cfc5c7c0a5005d27a3bb518d776b983a8427406ffd6c39541c6c0566dfea02b,0c66ee43f1117e7a,c(iii),tune,hybrid,1000,48,1000000,310102,2,timed,,0.002125,0.0021482716000173242,500,1.0625,1.074135800008662,14,True,True,exact_histogram+sum+squares+xor,True,494940847,328944577469859,562853,843ab91730b716793c954871cf26a0ea34aa4bf8bbcbfc0ad24a26b10c7425d0,d6bd8fbf9cc5de6aacd6532c9a813fdc7a9c8b087ac63d19fc63ac9a19f41021,45928448,3.13.6,Windows-11-10.0.26200-SP0,2026-09-13T10:55:39.577996+00:00
tune:1000:2:hybrid:4:timed,0cfc5c7c0a5005d27a3bb518d776b983a8427406ffd6c39541c6c0566dfea02b,0c66ee43f1117e7a,c(iii),tune,hybrid,1000,4,1000000,310102,2,timed,,0.0020625,0.002050853200023994,500,1.03125,1.025426600011997,15,True,True,exact_histogram+sum+squares+xor,True,494940847,328944577469859,562853,843ab91730b716793c954871cf26a0ea34aa4bf8bbcbfc0ad24a26b10c7425d0,d6bd8fbf9cc5de6aacd6532c9a813fdc7a9c8b087ac63d19fc63ac9a19f41021,45907968,3.13.6,Windows-11-10.0.26200-SP0,2026-09-13T10:55:40.632075+00:00
tune:1000:2:hybrid:64:counted,0cfc5c7c0a5005d27a3bb518d776b983a8427406ffd6c39541c6c0566dfea02b,0c66ee43f1117e7a,c(iii),tune,hybrid,1000,64,1000000,310102,2,counted,20179,,,1,,,16,True,True,exact_histogram+sum+squares+xor,True,494940847,328944577469859,562853,843ab91730b716793c954871cf26a0ea34aa4bf8bbcbfc0ad24a26b10c7425d0,d6bd8fbf9cc5de6aacd6532c9a813fdc7a9c8b087ac63d19fc63ac9a19f41021,45993984,3.13.6,Windows-11-10.0.26200-SP0,2026-09-13T10:55:40.663218+00:00
tune:1000:2:hybrid:24:counted,0cfc5c7c0a5005d27a3bb518d776b983a8427406ffd6c39541c6c0566dfea02b,0c66ee43f1117e7a,c(iii),tune,hybrid,1000,24,1000000,310102,2,counted,10282,,,1,,,17,True,True,exact_histogram+sum+squares+xor,True,494940847,328944577469859,562853,843ab91730b716793c954871cf26a0ea34aa4bf8bbcbfc0ad24a26b10c7425d0,d6bd8fbf9cc5de6aacd6532c9a813fdc7a9c8b087ac63d19fc63ac9a19f41021,46002176,3.13.6,Windows-11-10.0.26200-SP0,2026-09-13T10:55:40.687073+00:00
tune:10000:0:hybrid:64:timed,0cfc5c7c0a5005d27a3bb518d776b983a8427406ffd6c39541c6c0566dfea02b,0c66ee43f1117e7a,c(iii),tune,hybrid,10000,64,1000000,400100,0,timed,,0.0290625,0.02969891400076449,50,1.453125,1.4849457000382245,0,True,True,exact_histogram+sum+squares+xor,True,4969778080,3305860932037716,197028,734d03c518191555a26c9c6b46dfecfc06537ea1f51bf737e78e6efee456517f,69575b3f397a0ce803c7e00c065b0b136f832af76e2aeaf4fdf18e513c258104,46710784,3.13.6,Windows-11-10.0.26200-SP0,2026-09-13T10:55:42.221400+00:00
tune:10000:0:hybrid:16:counted,0cfc5c7c0a5005d27a3bb518d776b983a8427406ffd6c39541c6c0566dfea02b,0c66ee43f1117e7a,c(iii),tune,hybrid,10000,16,1000000,400100,0,counted,127339,,,1,,,1,True,True,exact_histogram+sum+squares+xor,True,4969778080,3305860932037716,197028,734d03c518191555a26c9c6b46dfecfc06537ea1f51bf737e78e6efee456517f,69575b3f397a0ce803c7e00c065b0b136f832af76e2aeaf4fdf18e513c258104,46714880,3.13.6,Windows-11-10.0.26200-SP0,2026-09-13T10:55:42.281779+00:00
tune:10000:0:hybrid:24:timed,0cfc5c7c0a5005d27a3bb518d776b983a8427406ffd6c39541c6c0566dfea02b,0c66ee43f1117e7a,c(iii),tune,hybrid,10000,24,1000000,400100,0,timed,,0.0284375,0.028370394001249223,50,1.421875,1.4185197000624612,2,True,True,exact_histogram+sum+squares+xor,True,4969778080,3305860932037716,197028,734d03c518191555a26c9c6b46dfecfc06537ea1f51bf737e78e6efee456517f,69575b3f397a0ce803c7e00c065b0b136f832af76e2aeaf4fdf18e513c258104,46706688,3.13.6,Windows-11-10.0.26200-SP0,2026-09-13T10:55:43.732954+00:00
tune:10000:0:hybrid:24:counted,0cfc5c7c0a5005d27a3bb518d776b983a8427406ffd6c39541c6c0566dfea02b,0c66ee43f1117e7a,c(iii),tune,hybrid,10000,24,1000000,400100,0,counted,143880,,,1,,,3,True,True,exact_histogram+sum+squares+xor,True,4969778080,3305860932037716,197028,734d03c518191555a26c9c6b46dfecfc06537ea1f51bf737e78e6efee456517f,69575b3f397a0ce803c7e00c065b0b136f832af76e2aeaf4fdf18e513c258104,46710784,3.13.6,Windows-11-10.0.26200-SP0,2026-09-13T10:55:43.787546+00:00
tune:10000:0:hybrid:4:timed,0cfc5c7c0a5005d27a3bb518d776b983a8427406ffd6c39541c6c0566dfea02b,0c66ee43f1117e7a,c(iii),tune,hybrid,10000,4,1000000,400100,0,timed,,0.03,0.030170301999896766,50,1.5,1.5085150999948382,4,True,True,exact_histogram+sum+squares+xor,True,4969778080,3305860932037716,197028,734d03c518191555a26c9c6b46dfecfc06537ea1f51bf737e78e6efee456517f,69575b3f397a0ce803c7e00c065b0b136f832af76e2aeaf4fdf18e513c258104,46768128,3.13.6,Windows-11-10.0.26200-SP0,2026-09-13T10:55:45.330899+00:00
tune:10000:0:hybrid:64:counted,0cfc5c7c0a5005d27a3bb518d776b983a8427406ffd6c39541c6c0566dfea02b,0c66ee43f1117e7a,c(iii),tune,hybrid,10000,64,1000000,400100,0,counted,184257,,,1,,,5,True,True,exact_histogram+sum+squares+xor,True,4969778080,3305860932037716,197028,734d03c518191555a26c9c6b46dfecfc06537ea1f51bf737e78e6efee456517f,69575b3f397a0ce803c7e00c065b0b136f832af76e2aeaf4fdf18e513c258104,46780416,3.13.6,Windows-11-10.0.26200-SP0,2026-09-13T10:55:45.416246+00:00
tune:10000:0:hybrid:48:timed,0cfc5c7c0a5005d27a3bb518d776b983a8427406ffd6c39541c6c0566dfea02b,0c66ee43f1117e7a,c(iii),tune,hybrid,10000,48,1000000,400100,0,timed,,0.0321875,0.032235753999557346,50,1.609375,1.6117876999778673,6,True,True,exact_histogram+sum+squares+xor,True,4969778080,3305860932037716,197028,734d03c518191555a26c9c6b46dfecfc06537ea1f51bf737e78e6efee456517f,69575b3f397a0ce803c7e00c065b0b136f832af76e2aeaf4fdf18e513c258104,46784512,3.13.6,Windows-11-10.0.26200-SP0,2026-09-13T10:55:47.087887+00:00
tune:10000:0:hybrid:16:timed,0cfc5c7c0a5005d27a3bb518d776b983a8427406ffd6c39541c6c0566dfea02b,0c66ee43f1117e7a,c(iii),tune,hybrid,10000,16,1000000,400100,0,timed,,0.0309375,0.031094058000016956,50,1.546875,1.5547029000008479,7,True,True,exact_histogram+sum+squares+xor,True,4969778080,3305860932037716,197028,734d03c518191555a26c9c6b46dfecfc06537ea1f51bf737e78e6efee456517f,69575b3f397a0ce803c7e00c065b0b136f832af76e2aeaf4fdf18e513c258104,46784512,3.13.6,Windows-11-10.0.26200-SP0,2026-09-13T10:55:48.693108+00:00
tune:10000:0:hybrid:1:counted,0cfc5c7c0a5005d27a3bb518d776b983a8427406ffd6c39541c6c0566dfea02b,0c66ee43f1117e7a,c(iii),tune,hybrid,10000,1,1000000,400100,0,counted,120499,,,1,,,8,True,True,exact_histogram+sum+squares+xor,True,4969778080,3305860932037716,197028,734d03c518191555a26c9c6b46dfecfc06537ea1f51bf737e78e6efee456517f,69575b3f397a0ce803c7e00c065b0b136f832af76e2aeaf4fdf18e513c258104,46796800,3.13.6,Windows-11-10.0.26200-SP0,2026-09-13T10:55:48.825849+00:00
tune:10000:0:hybrid:8:timed,0cfc5c7c0a5005d27a3bb518d776b983a8427406ffd6c39541c6c0566dfea02b,0c66ee43f1117e7a,c(iii),tune,hybrid,10000,8,1000000,400100,0,timed,,0.0284375,0.02919758199946955,50,1.421875,1.4598790999734774,9,True,True,exact_histogram+sum+squares+xor,True,4969778080,3305860932037716,197028,734d03c518191555a26c9c6b46dfecfc06537ea1f51bf737e78e6efee456517f,69575b3f397a0ce803c7e00c065b0b136f832af76e2aeaf4fdf18e513c258104,46796800,3.13.6,Windows-11-10.0.26200-SP0,2026-09-13T10:55:50.325403+00:00
tune:10000:0:hybrid:48:counted,0cfc5c7c0a5005d27a3bb518d776b983a8427406ffd6c39541c6c0566dfea02b,0c66ee43f1117e7a,c(iii),tune,hybrid,10000,48,1000000,400100,0,counted,184257,,,1,,,10,True,True,exact_histogram+sum+squares+xor,True,4969778080,3305860932037716,197028,734d03c518191555a26c9c6b46dfecfc06537ea1f51bf737e78e6efee456517f,69575b3f397a0ce803c7e00c065b0b136f832af76e2aeaf4fdf18e513c258104,46800896,3.13.6,Windows-11-10.0.26200-SP0,2026-09-13T10:55:50.398268+00:00
tune:10000:0:hybrid:32:counted,0cfc5c7c0a5005d27a3bb518d776b983a8427406ffd6c39541c6c0566dfea02b,0c66ee43f1117e7a,c(iii),tune,hybrid,10000,32,1000000,400100,0,counted,143880,,,1,,,11,True,True,exact_histogram+sum+squares+xor,True,4969778080,3305860932037716,197028,734d03c518191555a26c9c6b46dfecfc06537ea1f51bf737e78e6efee456517f,69575b3f397a0ce803c7e00c065b0b136f832af76e2aeaf4fdf18e513c258104,46915584,3.13.6,Windows-11-10.0.26200-SP0,2026-09-13T10:55:50.446445+00:00
tune:10000:0:hybrid:12:counted,0cfc5c7c0a5005d27a3bb518d776b983a8427406ffd6c39541c6c0566dfea02b,0c66ee43f1117e7a,c(iii),tune,hybrid,10000,12,1000000,400100,0,counted,127339,,,1,,,12,True,True,exact_histogram+sum+squares+xor,True,4969778080,3305860932037716,197028,734d03c518191555a26c9c6b46dfecfc06537ea1f51bf737e78e6efee456517f,69575b3f397a0ce803c7e00c065b0b136f832af76e2aeaf4fdf18e513c258104,47001600,3.13.6,Windows-11-10.0.26200-SP0,2026-09-13T10:55:50.491619+00:00
tune:10000:0:hybrid:8:counted,0cfc5c7c0a5005d27a3bb518d776b983a8427406ffd6c39541c6c0566dfea02b,0c66ee43f1117e7a,c(iii),tune,hybrid,10000,8,1000000,400100,0,counted,121589,,,1,,,13,True,True,exact_histogram+sum+squares+xor,True,4969778080,3305860932037716,197028,734d03c518191555a26c9c6b46dfecfc06537ea1f51bf737e78e6efee456517f,69575b3f397a0ce803c7e00c065b0b136f832af76e2aeaf4fdf18e513c258104,47005696,3.13.6,Windows-11-10.0.26200-SP0,2026-09-13T10:55:50.548883+00:00
tune:10000:0:hybrid:4:counted,0cfc5c7c0a5005d27a3bb518d776b983a8427406ffd6c39541c6c0566dfea02b,0c66ee43f1117e7a,c(iii),tune,hybrid,10000,4,1000000,400100,0,counted,120575,,,1,,,14,True,True,exact_histogram+sum+squares+xor,True,4969778080,3305860932037716,197028,734d03c518191555a26c9c6b46dfecfc06537ea1f51bf737e78e6efee456517f,69575b3f397a0ce803c7e00c065b0b136f832af76e2aeaf4fdf18e513c258104,47005696,3.13.6,Windows-11-10.0.26200-SP0,2026-09-13T10:55:50.613111+00:00
tune:10000:0:hybrid:32:timed,0cfc5c7c0a5005d27a3bb518d776b983a8427406ffd6c39541c6c0566dfea02b,0c66ee43f1117e7a,c(iii),tune,hybrid,10000,32,1000000,400100,0,timed,,0.023125,0.023547785999253393,50,1.15625,1.1773892999626696,15,True,True,exact_histogram+sum+squares+xor,True,4969778080,3305860932037716,197028,734d03c518191555a26c9c6b46dfecfc06537ea1f51bf737e78e6efee456517f,69575b3f397a0ce803c7e00c065b0b136f832af76e2aeaf4fdf18e513c258104,47337472,3.13.6,Windows-11-10.0.26200-SP0,2026-09-13T10:55:51.829467+00:00
tune:10000:0:hybrid:12:timed,0cfc5c7c0a5005d27a3bb518d776b983a8427406ffd6c39541c6c0566dfea02b,0c66ee43f1117e7a,c(iii),tune,hybrid,10000,12,1000000,400100,0,timed,,0.0259375,0.02618345000082627,50,1.296875,1.3091725000413135,16,True,True,exact_histogram+sum+squares+xor,True,4969778080,3305860932037716,197028,734d03c518191555a26c9c6b46dfecfc06537ea1f51bf737e78e6efee456517f,69575b3f397a0ce803c7e00c065b0b136f832af76e2aeaf4fdf18e513c258104,47341568,3.13.6,Windows-11-10.0.26200-SP0,2026-09-13T10:55:53.170330+00:00
tune:10000:0:hybrid:1:timed,0cfc5c7c0a5005d27a3bb518d776b983a8427406ffd6c39541c6c0566dfea02b,0c66ee43f1117e7a,c(iii),tune,hybrid,10000,1,1000000,400100,0,timed,,0.034375,0.03536587599897757,50,1.7187500000000002,1.7682937999488786,17,True,True,exact_histogram+sum+squares+xor,True,4969778080,3305860932037716,197028,734d03c518191555a26c9c6b46dfecfc06537ea1f51bf737e78e6efee456517f,69575b3f397a0ce803c7e00c065b0b136f832af76e2aeaf4fdf18e513c258104,47349760,3.13.6,Windows-11-10.0.26200-SP0,2026-09-13T10:55:54.991222+00:00
tune:10000:1:hybrid:1:timed,0cfc5c7c0a5005d27a3bb518d776b983a8427406ffd6c39541c6c0566dfea02b,0c66ee43f1117e7a,c(iii),tune,hybrid,10000,1,1000000,400101,1,timed,,0.03625,0.03803875599987805,50,1.8124999999999998,1.9019377999939024,0,True,True,exact_histogram+sum+squares+xor,True,4983137059,3322081375539161,838695,ef5ce7c1b82a87ab7674f13d25c11b47deb93af43f1c12f8208f0aab32901c08,7f812fccdabacd38d8f38e7b6f72cc9a4f2c0ef6da659e4a2101120d316ec47f,47443968,3.13.6,Windows-11-10.0.26200-SP0,2026-09-13T10:55:56.969906+00:00
tune:10000:1:hybrid:12:timed,0cfc5c7c0a5005d27a3bb518d776b983a8427406ffd6c39541c6c0566dfea02b,0c66ee43f1117e7a,c(iii),tune,hybrid,10000,12,1000000,400101,1,timed,,0.0271875,0.028052336000837386,50,1.359375,1.4026168000418693,1,True,True,exact_histogram+sum+squares+xor,True,4983137059,3322081375539161,838695,ef5ce7c1b82a87ab7674f13d25c11b47deb93af43f1c12f8208f0aab32901c08,7f812fccdabacd38d8f38e7b6f72cc9a4f2c0ef6da659e4a2101120d316ec47f,47443968,3.13.6,Windows-11-10.0.26200-SP0,2026-09-13T10:55:58.419015+00:00
tune:10000:1:hybrid:12:counted,0cfc5c7c0a5005d27a3bb518d776b983a8427406ffd6c39541c6c0566dfea02b,0c66ee43f1117e7a,c(iii),tune,hybrid,10000,12,1000000,400101,1,counted,127144,,,1,,,2,True,True,exact_histogram+sum+squares+xor,True,4983137059,3322081375539161,838695,ef5ce7c1b82a87ab7674f13d25c11b47deb93af43f1c12f8208f0aab32901c08,7f812fccdabacd38d8f38e7b6f72cc9a4f2c0ef6da659e4a2101120d316ec47f,47104000,3.13.6,Windows-11-10.0.26200-SP0,2026-09-13T10:55:58.472552+00:00
tune:10000:1:hybrid:24:timed,0cfc5c7c0a5005d27a3bb518d776b983a8427406ffd6c39541c6c0566dfea02b,0c66ee43f1117e7a,c(iii),tune,hybrid,10000,24,1000000,400101,1,timed,,0.029375,0.030167771999258547,50,1.46875,1.5083885999629274,3,True,True,exact_histogram+sum+squares+xor,True,4983137059,3322081375539161,838695,ef5ce7c1b82a87ab7674f13d25c11b47deb93af43f1c12f8208f0aab32901c08,7f812fccdabacd38d8f38e7b6f72cc9a4f2c0ef6da659e4a2101120d316ec47f,47443968,3.13.6,Windows-11-10.0.26200-SP0,2026-09-13T10:56:00.027092+00:00
tune:10000:1:hybrid:16:counted,0cfc5c7c0a5005d27a3bb518d776b983a8427406ffd6c39541c6c0566dfea02b,0c66ee43f1117e7a,c(iii),tune,hybrid,10000,16,1000000,400101,1,counted,127144,,,1,,,4,True,True,exact_histogram+sum+squares+xor,True,4983137059,3322081375539161,838695,ef5ce7c1b82a87ab7674f13d25c11b47deb93af43f1c12f8208f0aab32901c08,7f812fccdabacd38d8f38e7b6f72cc9a4f2c0ef6da659e4a2101120d316ec47f,47104000,3.13.6,Windows-11-10.0.26200-SP0,2026-09-13T10:56:00.082698+00:00
tune:10000:1:hybrid:1:counted,0cfc5c7c0a5005d27a3bb518d776b983a8427406ffd6c39541c6c0566dfea02b,0c66ee43f1117e7a,c(iii),tune,hybrid,10000,1,1000000,400101,1,counted,120589,,,1,,,5,True,True,exact_histogram+sum+squares+xor,True,4983137059,3322081375539161,838695,ef5ce7c1b82a87ab7674f13d25c11b47deb93af43f1c12f8208f0aab32901c08,7f812fccdabacd38d8f38e7b6f72cc9a4f2c0ef6da659e4a2101120d316ec47f,47108096,3.13.6,Windows-11-10.0.26200-SP0,2026-09-13T10:56:00.140528+00:00
tune:10000:1:hybrid:4:counted,0cfc5c7c0a5005d27a3bb518d776b983a8427406ffd6c39541c6c0566dfea02b,0c66ee43f1117e7a,c(iii),tune,hybrid,10000,4,1000000,400101,1,counted,120604,,,1,,,6,True,True,exact_histogram+sum+squares+xor,True,4983137059,3322081375539161,838695,ef5ce7c1b82a87ab7674f13d25c11b47deb93af43f1c12f8208f0aab32901c08,7f812fccdabacd38d8f38e7b6f72cc9a4f2c0ef6da659e4a2101120d316ec47f,47108096,3.13.6,Windows-11-10.0.26200-SP0,2026-09-13T10:56:00.193708+00:00
tune:10000:1:hybrid:16:timed,0cfc5c7c0a5005d27a3bb518d776b983a8427406ffd6c39541c6c0566dfea02b,0c66ee43f1117e7a,c(iii),tune,hybrid,10000,16,1000000,400101,1,timed,,0.0228125,0.023440087998751552,50,1.140625,1.1720043999375775,7,True,True,exact_histogram+sum+squares+xor,True,4983137059,3322081375539161,838695,ef5ce7c1b82a87ab7674f13d25c11b47deb93af43f1c12f8208f0aab32901c08,7f812fccdabacd38d8f38e7b6f72cc9a4f2c0ef6da659e4a2101120d316ec47f,47443968,3.13.6,Windows-11-10.0.26200-SP0,2026-09-13T10:56:01.397249+00:00
tune:10000:1:hybrid:32:timed,0cfc5c7c0a5005d27a3bb518d776b983a8427406ffd6c39541c6c0566dfea02b,0c66ee43f1117e7a,c(iii),tune,hybrid,10000,32,1000000,400101,1,timed,,0.0259375,0.0264329839986749,50,1.296875,1.321649199933745,8,True,True,exact_histogram+sum+squares+xor,True,4983137059,3322081375539161,838695,ef5ce7c1b82a87ab7674f13d25c11b47deb93af43f1c12f8208f0aab32901c08,7f812fccdabacd38d8f38e7b6f72cc9a4f2c0ef6da659e4a2101120d316ec47f,47443968,3.13.6,Windows-11-10.0.26200-SP0,2026-09-13T10:56:02.756405+00:00
tune:10000:1:hybrid:32:counted,0cfc5c7c0a5005d27a3bb518d776b983a8427406ffd6c39541c6c0566dfea02b,0c66ee43f1117e7a,c(iii),tune,hybrid,10000,32,1000000,400101,1,counted,143384,,,1,,,9,True,True,exact_histogram+sum+squares+xor,True,4983137059,3322081375539161,838695,ef5ce7c1b82a87ab7674f13d25c11b47deb93af43f1c12f8208f0aab32901c08,7f812fccdabacd38d8f38e7b6f72cc9a4f2c0ef6da659e4a2101120d316ec47f,47104000,3.13.6,Windows-11-10.0.26200-SP0,2026-09-13T10:56:02.817202+00:00
tune:10000:1:hybrid:64:counted,0cfc5c7c0a5005d27a3bb518d776b983a8427406ffd6c39541c6c0566dfea02b,0c66ee43f1117e7a,c(iii),tune,hybrid,10000,64,1000000,400101,1,counted,183386,,,1,,,10,True,True,exact_histogram+sum+squares+xor,True,4983137059,3322081375539161,838695,ef5ce7c1b82a87ab7674f13d25c11b47deb93af43f1c12f8208f0aab32901c08,7f812fccdabacd38d8f38e7b6f72cc9a4f2c0ef6da659e4a2101120d316ec47f,47108096,3.13.6,Windows-11-10.0.26200-SP0,2026-09-13T10:56:02.878559+00:00
tune:10000:1:hybrid:8:timed,0cfc5c7c0a5005d27a3bb518d776b983a8427406ffd6c39541c6c0566dfea02b,0c66ee43f1117e7a,c(iii),tune,hybrid,10000,8,1000000,400101,1,timed,,0.0259375,0.026690644000191242,50,1.296875,1.334532200009562,11,True,True,exact_histogram+sum+squares+xor,True,4983137059,3322081375539161,838695,ef5ce7c1b82a87ab7674f13d25c11b47deb93af43f1c12f8208f0aab32901c08,7f812fccdabacd38d8f38e7b6f72cc9a4f2c0ef6da659e4a2101120d316ec47f,47443968,3.13.6,Windows-11-10.0.26200-SP0,2026-09-13T10:56:04.246025+00:00
tune:10000:1:hybrid:48:timed,0cfc5c7c0a5005d27a3bb518d776b983a8427406ffd6c39541c6c0566dfea02b,0c66ee43f1117e7a,c(iii),tune,hybrid,10000,48,1000000,400101,1,timed,,0.0296875,0.030445575998164713,50,1.484375,1.5222787999082357,12,True,True,exact_histogram+sum+squares+xor,True,4983137059,3322081375539161,838695,ef5ce7c1b82a87ab7674f13d25c11b47deb93af43f1c12f8208f0aab32901c08,7f812fccdabacd38d8f38e7b6f72cc9a4f2c0ef6da659e4a2101120d316ec47f,47443968,3.13.6,Windows-11-10.0.26200-SP0,2026-09-13T10:56:05.803926+00:00
tune:10000:1:hybrid:4:timed,0cfc5c7c0a5005d27a3bb518d776b983a8427406ffd6c39541c6c0566dfea02b,0c66ee43f1117e7a,c(iii),tune,hybrid,10000,4,1000000,400101,1,timed,,0.030625,0.03075575000140816,50,1.53125,1.537787500070408,13,True,True,exact_histogram+sum+squares+xor,True,4983137059,3322081375539161,838695,ef5ce7c1b82a87ab7674f13d25c11b47deb93af43f1c12f8208f0aab32901c08,7f812fccdabacd38d8f38e7b6f72cc9a4f2c0ef6da659e4a2101120d316ec47f,47443968,3.13.6,Windows-11-10.0.26200-SP0,2026-09-13T10:56:07.375596+00:00
tune:10000:1:hybrid:48:counted,0cfc5c7c0a5005d27a3bb518d776b983a8427406ffd6c39541c6c0566dfea02b,0c66ee43f1117e7a,c(iii),tune,hybrid,10000,48,1000000,400101,1,counted,183386,,,1,,,14,True,True,exact_histogram+sum+squares+xor,True,4983137059,3322081375539161,838695,ef5ce7c1b82a87ab7674f13d25c11b47deb93af43f1c12f8208f0aab32901c08,7f812fccdabacd38d8f38e7b6f72cc9a4f2c0ef6da659e4a2101120d316ec47f,47104000,3.13.6,Windows-11-10.0.26200-SP0,2026-09-13T10:56:07.432593+00:00
tune:10000:1:hybrid:64:timed,0cfc5c7c0a5005d27a3bb518d776b983a8427406ffd6c39541c6c0566dfea02b,0c66ee43f1117e7a,c(iii),tune,hybrid,10000,64,1000000,400101,1,timed,,0.0284375,0.029386531999334692,50,1.421875,1.4693265999667346,15,True,True,exact_histogram+sum+squares+xor,True,4983137059,3322081375539161,838695,ef5ce7c1b82a87ab7674f13d25c11b47deb93af43f1c12f8208f0aab32901c08,7f812fccdabacd38d8f38e7b6f72cc9a4f2c0ef6da659e4a2101120d316ec47f,47443968,3.13.6,Windows-11-10.0.26200-SP0,2026-09-13T10:56:08.945430+00:00
tune:10000:1:hybrid:24:counted,0cfc5c7c0a5005d27a3bb518d776b983a8427406ffd6c39541c6c0566dfea02b,0c66ee43f1117e7a,c(iii),tune,hybrid,10000,24,1000000,400101,1,counted,143384,,,1,,,16,True,True,exact_histogram+sum+squares+xor,True,4983137059,3322081375539161,838695,ef5ce7c1b82a87ab7674f13d25c11b47deb93af43f1c12f8208f0aab32901c08,7f812fccdabacd38d8f38e7b6f72cc9a4f2c0ef6da659e4a2101120d316ec47f,47104000,3.13.6,Windows-11-10.0.26200-SP0,2026-09-13T10:56:08.997926+00:00
tune:10000:1:hybrid:8:counted,0cfc5c7c0a5005d27a3bb518d776b983a8427406ffd6c39541c6c0566dfea02b,0c66ee43f1117e7a,c(iii),tune,hybrid,10000,8,1000000,400101,1,counted,121596,,,1,,,17,True,True,exact_histogram+sum+squares+xor,True,4983137059,3322081375539161,838695,ef5ce7c1b82a87ab7674f13d25c11b47deb93af43f1c12f8208f0aab32901c08,7f812fccdabacd38d8f38e7b6f72cc9a4f2c0ef6da659e4a2101120d316ec47f,47108096,3.13.6,Windows-11-10.0.26200-SP0,2026-09-13T10:56:09.049865+00:00
tune:10000:2:hybrid:48:counted,0cfc5c7c0a5005d27a3bb518d776b983a8427406ffd6c39541c6c0566dfea02b,0c66ee43f1117e7a,c(iii),tune,hybrid,10000,48,1000000,400102,2,counted,183295,,,1,,,0,True,True,exact_histogram+sum+squares+xor,True,5053108141,3387202536451603,477627,a48f0e4895d78d956ef6270bb26c24118c3d0f8a9b2b4ad5e43c1b9bbac18d84,286eb50956102ad10758a99c9b02fc81168d26f28b83ac1d894ad0ea9edec772,47108096,3.13.6,Windows-11-10.0.26200-SP0,2026-09-13T10:56:09.122443+00:00
tune:10000:2:hybrid:64:counted,0cfc5c7c0a5005d27a3bb518d776b983a8427406ffd6c39541c6c0566dfea02b,0c66ee43f1117e7a,c(iii),tune,hybrid,10000,64,1000000,400102,2,counted,183295,,,1,,,1,True,True,exact_histogram+sum+squares+xor,True,5053108141,3387202536451603,477627,a48f0e4895d78d956ef6270bb26c24118c3d0f8a9b2b4ad5e43c1b9bbac18d84,286eb50956102ad10758a99c9b02fc81168d26f28b83ac1d894ad0ea9edec772,47108096,3.13.6,Windows-11-10.0.26200-SP0,2026-09-13T10:56:09.194923+00:00
tune:10000:2:hybrid:12:counted,0cfc5c7c0a5005d27a3bb518d776b983a8427406ffd6c39541c6c0566dfea02b,0c66ee43f1117e7a,c(iii),tune,hybrid,10000,12,1000000,400102,2,counted,127305,,,1,,,2,True,True,exact_histogram+sum+squares+xor,True,5053108141,3387202536451603,477627,a48f0e4895d78d956ef6270bb26c24118c3d0f8a9b2b4ad5e43c1b9bbac18d84,286eb50956102ad10758a99c9b02fc81168d26f28b83ac1d894ad0ea9edec772,47108096,3.13.6,Windows-11-10.0.26200-SP0,2026-09-13T10:56:09.256571+00:00
tune:10000:2:hybrid:64:timed,0cfc5c7c0a5005d27a3bb518d776b983a8427406ffd6c39541c6c0566dfea02b,0c66ee43f1117e7a,c(iii),tune,hybrid,10000,64,1000000,400102,2,timed,,0.030625,0.031031730000395327,50,1.53125,1.5515865000197664,3,True,True,exact_histogram+sum+squares+xor,True,5053108141,3387202536451603,477627,a48f0e4895d78d956ef6270bb26c24118c3d0f8a9b2b4ad5e43c1b9bbac18d84,286eb50956102ad10758a99c9b02fc81168d26f28b83ac1d894ad0ea9edec772,47443968,3.13.6,Windows-11-10.0.26200-SP0,2026-09-13T10:56:10.845156+00:00
tune:10000:2:hybrid:24:counted,0cfc5c7c0a5005d27a3bb518d776b983a8427406ffd6c39541c6c0566dfea02b,0c66ee43f1117e7a,c(iii),tune,hybrid,10000,24,1000000,400102,2,counted,143492,,,1,,,4,True,True,exact_histogram+sum+squares+xor,True,5053108141,3387202536451603,477627,a48f0e4895d78d956ef6270bb26c24118c3d0f8a9b2b4ad5e43c1b9bbac18d84,286eb50956102ad10758a99c9b02fc81168d26f28b83ac1d894ad0ea9edec772,47104000,3.13.6,Windows-11-10.0.26200-SP0,2026-09-13T10:56:10.919566+00:00
tune:10000:2:hybrid:32:counted,0cfc5c7c0a5005d27a3bb518d776b983a8427406ffd6c39541c6c0566dfea02b,0c66ee43f1117e7a,c(iii),tune,hybrid,10000,32,1000000,400102,2,counted,143492,,,1,,,5,True,True,exact_histogram+sum+squares+xor,True,5053108141,3387202536451603,477627,a48f0e4895d78d956ef6270bb26c24118c3d0f8a9b2b4ad5e43c1b9bbac18d84,286eb50956102ad10758a99c9b02fc81168d26f28b83ac1d894ad0ea9edec772,47108096,3.13.6,Windows-11-10.0.26200-SP0,2026-09-13T10:56:10.999263+00:00
tune:10000:2:hybrid:1:timed,0cfc5c7c0a5005d27a3bb518d776b983a8427406ffd6c39541c6c0566dfea02b,0c66ee43f1117e7a,c(iii),tune,hybrid,10000,1,1000000,400102,2,timed,,0.040625,0.041872364000882956,50,2.03125,2.0936182000441477,6,True,True,exact_histogram+sum+squares+xor,True,5053108141,3387202536451603,477627,a48f0e4895d78d956ef6270bb26c24118c3d0f8a9b2b4ad5e43c1b9bbac18d84,286eb50956102ad10758a99c9b02fc81168d26f28b83ac1d894ad0ea9edec772,47374336,3.13.6,Windows-11-10.0.26200-SP0,2026-09-13T10:56:13.145692+00:00
tune:10000:2:hybrid:1:counted,0cfc5c7c0a5005d27a3bb518d776b983a8427406ffd6c39541c6c0566dfea02b,0c66ee43f1117e7a,c(iii),tune,hybrid,10000,1,1000000,400102,2,counted,120434,,,1,,,7,True,True,exact_histogram+sum+squares+xor,True,5053108141,3387202536451603,477627,a48f0e4895d78d956ef6270bb26c24118c3d0f8a9b2b4ad5e43c1b9bbac18d84,286eb50956102ad10758a99c9b02fc81168d26f28b83ac1d894ad0ea9edec772,47034368,3.13.6,Windows-11-10.0.26200-SP0,2026-09-13T10:56:13.214728+00:00
tune:10000:2:hybrid:24:timed,0cfc5c7c0a5005d27a3bb518d776b983a8427406ffd6c39541c6c0566dfea02b,0c66ee43f1117e7a,c(iii),tune,hybrid,10000,24,1000000,400102,2,timed,,0.030625,0.030828139998484404,50,1.53125,1.5414069999242201,8,True,True,exact_histogram+sum+squares+xor,True,5053108141,3387202536451603,477627,a48f0e4895d78d956ef6270bb26c24118c3d0f8a9b2b4ad5e43c1b9bbac18d84,286eb50956102ad10758a99c9b02fc81168d26f28b83ac1d894ad0ea9edec772,47374336,3.13.6,Windows-11-10.0.26200-SP0,2026-09-13T10:56:14.788206+00:00
tune:10000:2:hybrid:4:timed,0cfc5c7c0a5005d27a3bb518d776b983a8427406ffd6c39541c6c0566dfea02b,0c66ee43f1117e7a,c(iii),tune,hybrid,10000,4,1000000,400102,2,timed,,0.025625,0.026145383999682963,50,1.28125,1.3072691999841481,9,True,True,exact_histogram+sum+squares+xor,True,5053108141,3387202536451603,477627,a48f0e4895d78d956ef6270bb26c24118c3d0f8a9b2b4ad5e43c1b9bbac18d84,286eb50956102ad10758a99c9b02fc81168d26f28b83ac1d894ad0ea9edec772,47374336,3.13.6,Windows-11-10.0.26200-SP0,2026-09-13T10:56:16.135010+00:00
tune:10000:2:hybrid:16:counted,0cfc5c7c0a5005d27a3bb518d776b983a8427406ffd6c39541c6c0566dfea02b,0c66ee43f1117e7a,c(iii),tune,hybrid,10000,16,1000000,400102,2,counted,127305,,,1,,,10,True,True,exact_histogram+sum+squares+xor,True,5053108141,3387202536451603,477627,a48f0e4895d78d956ef6270bb26c24118c3d0f8a9b2b4ad5e43c1b9bbac18d84,286eb50956102ad10758a99c9b02fc81168d26f28b83ac1d894ad0ea9edec772,47034368,3.13.6,Windows-11-10.0.26200-SP0,2026-09-13T10:56:16.201721+00:00
tune:10000:2:hybrid:32:timed,0cfc5c7c0a5005d27a3bb518d776b983a8427406ffd6c39541c6c0566dfea02b,0c66ee43f1117e7a,c(iii),tune,hybrid,10000,32,1000000,400102,2,timed,,0.03,0.030570693998597562,50,1.5,1.5285346999298781,11,True,True,exact_histogram+sum+squares+xor,True,5053108141,3387202536451603,477627,a48f0e4895d78d956ef6270bb26c24118c3d0f8a9b2b4ad5e43c1b9bbac18d84,286eb50956102ad10758a99c9b02fc81168d26f28b83ac1d894ad0ea9edec772,47374336,3.13.6,Windows-11-10.0.26200-SP0,2026-09-13T10:56:17.772211+00:00
tune:10000:2:hybrid:12:timed,0cfc5c7c0a5005d27a3bb518d776b983a8427406ffd6c39541c6c0566dfea02b,0c66ee43f1117e7a,c(iii),tune,hybrid,10000,12,1000000,400102,2,timed,,0.0278125,0.02853544400073588,50,1.390625,1.426772200036794,12,True,True,exact_histogram+sum+squares+xor,True,5053108141,3387202536451603,477627,a48f0e4895d78d956ef6270bb26c24118c3d0f8a9b2b4ad5e43c1b9bbac18d84,286eb50956102ad10758a99c9b02fc81168d26f28b83ac1d894ad0ea9edec772,47374336,3.13.6,Windows-11-10.0.26200-SP0,2026-09-13T10:56:19.232936+00:00
tune:10000:2:hybrid:8:counted,0cfc5c7c0a5005d27a3bb518d776b983a8427406ffd6c39541c6c0566dfea02b,0c66ee43f1117e7a,c(iii),tune,hybrid,10000,8,1000000,400102,2,counted,121497,,,1,,,13,True,True,exact_histogram+sum+squares+xor,True,5053108141,3387202536451603,477627,a48f0e4895d78d956ef6270bb26c24118c3d0f8a9b2b4ad5e43c1b9bbac18d84,286eb50956102ad10758a99c9b02fc81168d26f28b83ac1d894ad0ea9edec772,47034368,3.13.6,Windows-11-10.0.26200-SP0,2026-09-13T10:56:19.293678+00:00
tune:10000:2:hybrid:4:counted,0cfc5c7c0a5005d27a3bb518d776b983a8427406ffd6c39541c6c0566dfea02b,0c66ee43f1117e7a,c(iii),tune,hybrid,10000,4,1000000,400102,2,counted,120484,,,1,,,14,True,True,exact_histogram+sum+squares+xor,True,5053108141,3387202536451603,477627,a48f0e4895d78d956ef6270bb26c24118c3d0f8a9b2b4ad5e43c1b9bbac18d84,286eb50956102ad10758a99c9b02fc81168d26f28b83ac1d894ad0ea9edec772,47038464,3.13.6,Windows-11-10.0.26200-SP0,2026-09-13T10:56:19.348624+00:00
tune:10000:2:hybrid:16:timed,0cfc5c7c0a5005d27a3bb518d776b983a8427406ffd6c39541c6c0566dfea02b,0c66ee43f1117e7a,c(iii),tune,hybrid,10000,16,1000000,400102,2,timed,,0.02875,0.0294396060006693,50,1.4375,1.471980300033465,15,True,True,exact_histogram+sum+squares+xor,True,5053108141,3387202536451603,477627,a48f0e4895d78d956ef6270bb26c24118c3d0f8a9b2b4ad5e43c1b9bbac18d84,286eb50956102ad10758a99c9b02fc81168d26f28b83ac1d894ad0ea9edec772,47374336,3.13.6,Windows-11-10.0.26200-SP0,2026-09-13T10:56:20.850736+00:00
tune:10000:2:hybrid:8:timed,0cfc5c7c0a5005d27a3bb518d776b983a8427406ffd6c39541c6c0566dfea02b,0c66ee43f1117e7a,c(iii),tune,hybrid,10000,8,1000000,400102,2,timed,,0.03375,0.03409325200133026,50,1.6875,1.704662600066513,16,True,True,exact_histogram+sum+squares+xor,True,5053108141,3387202536451603,477627,a48f0e4895d78d956ef6270bb26c24118c3d0f8a9b2b4ad5e43c1b9bbac18d84,286eb50956102ad10758a99c9b02fc81168d26f28b83ac1d894ad0ea9edec772,47374336,3.13.6,Windows-11-10.0.26200-SP0,2026-09-13T10:56:22.608329+00:00
tune:10000:2:hybrid:48:timed,0cfc5c7c0a5005d27a3bb518d776b983a8427406ffd6c39541c6c0566dfea02b,0c66ee43f1117e7a,c(iii),tune,hybrid,10000,48,1000000,400102,2,timed,,0.0325,0.03324694400187582,50,1.625,1.6623472000937909,17,True,True,exact_histogram+sum+squares+xor,True,5053108141,3387202536451603,477627,a48f0e4895d78d956ef6270bb26c24118c3d0f8a9b2b4ad5e43c1b9bbac18d84,286eb50956102ad10758a99c9b02fc81168d26f28b83ac1d894ad0ea9edec772,47374336,3.13.6,Windows-11-10.0.26200-SP0,2026-09-13T10:56:24.326239+00:00
tune:100000:0:hybrid:12:counted,0cfc5c7c0a5005d27a3bb518d776b983a8427406ffd6c39541c6c0566dfea02b,0c66ee43f1117e7a,c(ii)+c(iii),tune,hybrid,100000,12,1000000,1300100,0,counted,1619532,,,1,,,0,True,True,exact_histogram+sum+squares+xor,True,49947568852,33273796671201440,640968,07a89138f66afeea91abe71a545760c7cf2acd8b7031d03f8dd59bdb0ac400b0,3ad46b58397a615fb32618190e0641c622759baab63df41806bc6aa1b7e71962,54276096,3.13.6,Windows-11-10.0.26200-SP0,2026-09-13T10:56:25.052634+00:00
tune:100000:0:hybrid:32:counted,0cfc5c7c0a5005d27a3bb518d776b983a8427406ffd6c39541c6c0566dfea02b,0c66ee43f1117e7a,c(ii)+c(iii),tune,hybrid,100000,32,1000000,1300100,0,counted,1861359,,,1,,,1,True,True,exact_histogram+sum+squares+xor,True,49947568852,33273796671201440,640968,07a89138f66afeea91abe71a545760c7cf2acd8b7031d03f8dd59bdb0ac400b0,3ad46b58397a615fb32618190e0641c622759baab63df41806bc6aa1b7e71962,54272000,3.13.6,Windows-11-10.0.26200-SP0,2026-09-13T10:56:25.678457+00:00
tune:100000:0:hybrid:64:counted,0cfc5c7c0a5005d27a3bb518d776b983a8427406ffd6c39541c6c0566dfea02b,0c66ee43f1117e7a,c(ii)+c(iii),tune,hybrid,100000,64,1000000,1300100,0,counted,2384656,,,1,,,2,True,True,exact_histogram+sum+squares+xor,True,49947568852,33273796671201440,640968,07a89138f66afeea91abe71a545760c7cf2acd8b7031d03f8dd59bdb0ac400b0,3ad46b58397a615fb32618190e0641c622759baab63df41806bc6aa1b7e71962,52133888,3.13.6,Windows-11-10.0.26200-SP0,2026-09-13T10:56:26.458547+00:00
tune:100000:0:hybrid:1:timed,0cfc5c7c0a5005d27a3bb518d776b983a8427406ffd6c39541c6c0566dfea02b,0c66ee43f1117e7a,c(ii)+c(iii),tune,hybrid,100000,1,1000000,1300100,0,timed,,0.471875,0.4782277799909934,5,2.359375,2.391138899954967,3,True,True,exact_histogram+sum+squares+xor,True,49947568852,33273796671201440,640968,07a89138f66afeea91abe71a545760c7cf2acd8b7031d03f8dd59bdb0ac400b0,3ad46b58397a615fb32618190e0641c622759baab63df41806bc6aa1b7e71962,52142080,3.13.6,Windows-11-10.0.26200-SP0,2026-09-13T10:56:29.021006+00:00
tune:100000:0:hybrid:24:timed,0cfc5c7c0a5005d27a3bb518d776b983a8427406ffd6c39541c6c0566dfea02b,0c66ee43f1117e7a,c(ii)+c(iii),tune,hybrid,100000,24,1000000,1300100,0,timed,,0.46875,0.47675290000624954,5,2.34375,2.3837645000312477,4,True,True,exact_histogram+sum+squares+xor,True,49947568852,33273796671201440,640968,07a89138f66afeea91abe71a545760c7cf2acd8b7031d03f8dd59bdb0ac400b0,3ad46b58397a615fb32618190e0641c622759baab63df41806bc6aa1b7e71962,52146176,3.13.6,Windows-11-10.0.26200-SP0,2026-09-13T10:56:31.557941+00:00
tune:100000:0:hybrid:16:timed,0cfc5c7c0a5005d27a3bb518d776b983a8427406ffd6c39541c6c0566dfea02b,0c66ee43f1117e7a,c(ii)+c(iii),tune,hybrid,100000,16,1000000,1300100,0,timed,,0.471875,0.4793066999875009,5,2.359375,2.3965334999375045,5,True,True,exact_histogram+sum+squares+xor,True,49947568852,33273796671201440,640968,07a89138f66afeea91abe71a545760c7cf2acd8b7031d03f8dd59bdb0ac400b0,3ad46b58397a615fb32618190e0641c622759baab63df41806bc6aa1b7e71962,52146176,3.13.6,Windows-11-10.0.26200-SP0,2026-09-13T10:56:34.080974+00:00
tune:100000:0:hybrid:12:timed,0cfc5c7c0a5005d27a3bb518d776b983a8427406ffd6c39541c6c0566dfea02b,0c66ee43f1117e7a,c(ii)+c(iii),tune,hybrid,100000,12,1000000,1300100,0,timed,,0.384375,0.3987864000024274,5,1.921875,1.993932000012137,6,True,True,exact_histogram+sum+squares+xor,True,49947568852,33273796671201440,640968,07a89138f66afeea91abe71a545760c7cf2acd8b7031d03f8dd59bdb0ac400b0,3ad46b58397a615fb32618190e0641c622759baab63df41806bc6aa1b7e71962,52158464,3.13.6,Windows-11-10.0.26200-SP0,2026-09-13T10:56:36.208953+00:00
tune:100000:0:hybrid:4:timed,0cfc5c7c0a5005d27a3bb518d776b983a8427406ffd6c39541c6c0566dfea02b,0c66ee43f1117e7a,c(ii)+c(iii),tune,hybrid,100000,4,1000000,1300100,0,timed,,0.528125,0.5385444200132042,5,2.640625,2.692722100066021,7,True,True,exact_histogram+sum+squares+xor,True,49947568852,33273796671201440,640968,07a89138f66afeea91abe71a545760c7cf2acd8b7031d03f8dd59bdb0ac400b0,3ad46b58397a615fb32618190e0641c622759baab63df41806bc6aa1b7e71962,52146176,3.13.6,Windows-11-10.0.26200-SP0,2026-09-13T10:56:39.025135+00:00
tune:100000:0:hybrid:24:counted,0cfc5c7c0a5005d27a3bb518d776b983a8427406ffd6c39541c6c0566dfea02b,0c66ee43f1117e7a,c(ii)+c(iii),tune,hybrid,100000,24,1000000,1300100,0,counted,1763598,,,1,,,8,True,True,exact_histogram+sum+squares+xor,True,49947568852,33273796671201440,640968,07a89138f66afeea91abe71a545760c7cf2acd8b7031d03f8dd59bdb0ac400b0,3ad46b58397a615fb32618190e0641c622759baab63df41806bc6aa1b7e71962,52146176,3.13.6,Windows-11-10.0.26200-SP0,2026-09-13T10:56:39.734261+00:00
tune:100000:0:hybrid:32:timed,0cfc5c7c0a5005d27a3bb518d776b983a8427406ffd6c39541c6c0566dfea02b,0c66ee43f1117e7a,c(ii)+c(iii),tune,hybrid,100000,32,1000000,1300100,0,timed,,0.503125,0.5086385000031441,5,2.515625,2.5431925000157207,9,True,True,exact_histogram+sum+squares+xor,True,49947568852,33273796671201440,640968,07a89138f66afeea91abe71a545760c7cf2acd8b7031d03f8dd59bdb0ac400b0,3ad46b58397a615fb32618190e0641c622759baab63df41806bc6aa1b7e71962,52146176,3.13.6,Windows-11-10.0.26200-SP0,2026-09-13T10:56:42.426964+00:00
tune:100000:0:hybrid:4:counted,0cfc5c7c0a5005d27a3bb518d776b983a8427406ffd6c39541c6c0566dfea02b,0c66ee43f1117e7a,c(ii)+c(iii),tune,hybrid,100000,4,1000000,1300100,0,counted,1536809,,,1,,,10,True,True,exact_histogram+sum+squares+xor,True,49947568852,33273796671201440,640968,07a89138f66afeea91abe71a545760c7cf2acd8b7031d03f8dd59bdb0ac400b0,3ad46b58397a615fb32618190e0641c622759baab63df41806bc6aa1b7e71962,52146176,3.13.6,Windows-11-10.0.26200-SP0,2026-09-13T10:56:43.224586+00:00
tune:100000:0:hybrid:48:timed,0cfc5c7c0a5005d27a3bb518d776b983a8427406ffd6c39541c6c0566dfea02b,0c66ee43f1117e7a,c(ii)+c(iii),tune,hybrid,100000,48,1000000,1300100,0,timed,,0.534375,0.5505083999829367,5,2.671875,2.7525419999146834,11,True,True,exact_histogram+sum+squares+xor,True,49947568852,33273796671201440,640968,07a89138f66afeea91abe71a545760c7cf2acd8b7031d03f8dd59bdb0ac400b0,3ad46b58397a615fb32618190e0641c622759baab63df41806bc6aa1b7e71962,52146176,3.13.6,Windows-11-10.0.26200-SP0,2026-09-13T10:56:46.126411+00:00
tune:100000:0:hybrid:8:counted,0cfc5c7c0a5005d27a3bb518d776b983a8427406ffd6c39541c6c0566dfea02b,0c66ee43f1117e7a,c(ii)+c(iii),tune,hybrid,100000,8,1000000,1300100,0,counted,1558080,,,1,,,12,True,True,exact_histogram+sum+squares+xor,True,49947568852,33273796671201440,640968,07a89138f66afeea91abe71a545760c7cf2acd8b7031d03f8dd59bdb0ac400b0,3ad46b58397a615fb32618190e0641c622759baab63df41806bc6aa1b7e71962,52146176,3.13.6,Windows-11-10.0.26200-SP0,2026-09-13T10:56:46.870648+00:00
tune:100000:0:hybrid:1:counted,0cfc5c7c0a5005d27a3bb518d776b983a8427406ffd6c39541c6c0566dfea02b,0c66ee43f1117e7a,c(ii)+c(iii),tune,hybrid,100000,1,1000000,1300100,0,counted,1536514,,,1,,,13,True,True,exact_histogram+sum+squares+xor,True,49947568852,33273796671201440,640968,07a89138f66afeea91abe71a545760c7cf2acd8b7031d03f8dd59bdb0ac400b0,3ad46b58397a615fb32618190e0641c622759baab63df41806bc6aa1b7e71962,52146176,3.13.6,Windows-11-10.0.26200-SP0,2026-09-13T10:56:47.674634+00:00
tune:100000:0:hybrid:16:counted,0cfc5c7c0a5005d27a3bb518d776b983a8427406ffd6c39541c6c0566dfea02b,0c66ee43f1117e7a,c(ii)+c(iii),tune,hybrid,100000,16,1000000,1300100,0,counted,1639117,,,1,,,14,True,True,exact_histogram+sum+squares+xor,True,49947568852,33273796671201440,640968,07a89138f66afeea91abe71a545760c7cf2acd8b7031d03f8dd59bdb0ac400b0,3ad46b58397a615fb32618190e0641c622759baab63df41806bc6aa1b7e71962,52146176,3.13.6,Windows-11-10.0.26200-SP0,2026-09-13T10:56:48.274191+00:00
tune:100000:0:hybrid:64:timed,0cfc5c7c0a5005d27a3bb518d776b983a8427406ffd6c39541c6c0566dfea02b,0c66ee43f1117e7a,c(ii)+c(iii),tune,hybrid,100000,64,1000000,1300100,0,timed,,0.515625,0.5183293600101024,5,2.578125,2.591646800050512,15,True,True,exact_histogram+sum+squares+xor,True,49947568852,33273796671201440,640968,07a89138f66afeea91abe71a545760c7cf2acd8b7031d03f8dd59bdb0ac400b0,3ad46b58397a615fb32618190e0641c622759baab63df41806bc6aa1b7e71962,52146176,3.13.6,Windows-11-10.0.26200-SP0,2026-09-13T10:56:51.005200+00:00
tune:100000:0:hybrid:48:counted,0cfc5c7c0a5005d27a3bb518d776b983a8427406ffd6c39541c6c0566dfea02b,0c66ee43f1117e7a,c(ii)+c(iii),tune,hybrid,100000,48,1000000,1300100,0,counted,1946724,,,1,,,16,True,True,exact_histogram+sum+squares+xor,True,49947568852,33273796671201440,640968,07a89138f66afeea91abe71a545760c7cf2acd8b7031d03f8dd59bdb0ac400b0,3ad46b58397a615fb32618190e0641c622759baab63df41806bc6aa1b7e71962,52146176,3.13.6,Windows-11-10.0.26200-SP0,2026-09-13T10:56:51.800858+00:00
tune:100000:0:hybrid:8:timed,0cfc5c7c0a5005d27a3bb518d776b983a8427406ffd6c39541c6c0566dfea02b,0c66ee43f1117e7a,c(ii)+c(iii),tune,hybrid,100000,8,1000000,1300100,0,timed,,0.496875,0.5087275199824944,5,2.484375,2.543637599912472,17,True,True,exact_histogram+sum+squares+xor,True,49947568852,33273796671201440,640968,07a89138f66afeea91abe71a545760c7cf2acd8b7031d03f8dd59bdb0ac400b0,3ad46b58397a615fb32618190e0641c622759baab63df41806bc6aa1b7e71962,52146176,3.13.6,Windows-11-10.0.26200-SP0,2026-09-13T10:56:54.504475+00:00
tune:100000:1:hybrid:4:timed,0cfc5c7c0a5005d27a3bb518d776b983a8427406ffd6c39541c6c0566dfea02b,0c66ee43f1117e7a,c(ii)+c(iii),tune,hybrid,100000,4,1000000,1300101,1,timed,,0.546875,0.5634700800059363,5,2.734375,2.8173504000296816,0,True,True,exact_histogram+sum+squares+xor,True,50048519205,33382778240998263,833143,0febac0b2d1d9ded40d3767a29f33bab81f2a5bd62f51eb29e15cc18a716bccc,841236e6e73859957af04209dfcf1e13145a45cef27c1f691557a202156992df,52146176,3.13.6,Windows-11-10.0.26200-SP0,2026-09-13T10:56:57.659052+00:00
tune:100000:1:hybrid:48:timed,0cfc5c7c0a5005d27a3bb518d776b983a8427406ffd6c39541c6c0566dfea02b,0c66ee43f1117e7a,c(ii)+c(iii),tune,hybrid,100000,48,1000000,1300101,1,timed,,0.509375,0.5357620999915526,5,2.546875,2.6788104999577627,1,True,True,exact_histogram+sum+squares+xor,True,50048519205,33382778240998263,833143,0febac0b2d1d9ded40d3767a29f33bab81f2a5bd62f51eb29e15cc18a716bccc,841236e6e73859957af04209dfcf1e13145a45cef27c1f691557a202156992df,52146176,3.13.6,Windows-11-10.0.26200-SP0,2026-09-13T10:57:00.486168+00:00
tune:100000:1:hybrid:64:timed,0cfc5c7c0a5005d27a3bb518d776b983a8427406ffd6c39541c6c0566dfea02b,0c66ee43f1117e7a,c(ii)+c(iii),tune,hybrid,100000,64,1000000,1300101,1,timed,,0.59375,0.6205569599987939,5,2.96875,3.1027847999939695,2,True,True,exact_histogram+sum+squares+xor,True,50048519205,33382778240998263,833143,0febac0b2d1d9ded40d3767a29f33bab81f2a5bd62f51eb29e15cc18a716bccc,841236e6e73859957af04209dfcf1e13145a45cef27c1f691557a202156992df,52146176,3.13.6,Windows-11-10.0.26200-SP0,2026-09-13T10:57:03.736838+00:00
tune:100000:1:hybrid:12:timed,0cfc5c7c0a5005d27a3bb518d776b983a8427406ffd6c39541c6c0566dfea02b,0c66ee43f1117e7a,c(ii)+c(iii),tune,hybrid,100000,12,1000000,1300101,1,timed,,0.496875,0.5137626599986106,5,2.484375,2.568813299993053,3,True,True,exact_histogram+sum+squares+xor,True,50048519205,33382778240998263,833143,0febac0b2d1d9ded40d3767a29f33bab81f2a5bd62f51eb29e15cc18a716bccc,841236e6e73859957af04209dfcf1e13145a45cef27c1f691557a202156992df,52146176,3.13.6,Windows-11-10.0.26200-SP0,2026-09-13T10:57:06.458164+00:00
tune:100000:1:hybrid:32:counted,0cfc5c7c0a5005d27a3bb518d776b983a8427406ffd6c39541c6c0566dfea02b,0c66ee43f1117e7a,c(ii)+c(iii),tune,hybrid,100000,32,1000000,1300101,1,counted,1862878,,,1,,,4,True,True,exact_histogram+sum+squares+xor,True,50048519205,33382778240998263,833143,0febac0b2d1d9ded40d3767a29f33bab81f2a5bd62f51eb29e15cc18a716bccc,841236e6e73859957af04209dfcf1e13145a45cef27c1f691557a202156992df,52146176,3.13.6,Windows-11-10.0.26200-SP0,2026-09-13T10:57:07.201381+00:00
tune:100000:1:hybrid:8:timed,0cfc5c7c0a5005d27a3bb518d776b983a8427406ffd6c39541c6c0566dfea02b,0c66ee43f1117e7a,c(ii)+c(iii),tune,hybrid,100000,8,1000000,1300101,1,timed,,0.471875,0.4796400399878621,5,2.359375,2.3982001999393106,5,True,True,exact_histogram+sum+squares+xor,True,50048519205,33382778240998263,833143,0febac0b2d1d9ded40d3767a29f33bab81f2a5bd62f51eb29e15cc18a716bccc,841236e6e73859957af04209dfcf1e13145a45cef27c1f691557a202156992df,52146176,3.13.6,Windows-11-10.0.26200-SP0,2026-09-13T10:57:09.721284+00:00
tune:100000:1:hybrid:8:counted,0cfc5c7c0a5005d27a3bb518d776b983a8427406ffd6c39541c6c0566dfea02b,0c66ee43f1117e7a,c(ii)+c(iii),tune,hybrid,100000,8,1000000,1300101,1,counted,1558020,,,1,,,6,True,True,exact_histogram+sum+squares+xor,True,50048519205,33382778240998263,833143,0febac0b2d1d9ded40d3767a29f33bab81f2a5bd62f51eb29e15cc18a716bccc,841236e6e73859957af04209dfcf1e13145a45cef27c1f691557a202156992df,52146176,3.13.6,Windows-11-10.0.26200-SP0,2026-09-13T10:57:10.442882+00:00
tune:100000:1:hybrid:1:timed,0cfc5c7c0a5005d27a3bb518d776b983a8427406ffd6c39541c6c0566dfea02b,0c66ee43f1117e7a,c(ii)+c(iii),tune,hybrid,100000,1,1000000,1300101,1,timed,,0.609375,0.6160820000106468,5,3.046875,3.0804100000532344,7,True,True,exact_histogram+sum+squares+xor,True,50048519205,33382778240998263,833143,0febac0b2d1d9ded40d3767a29f33bab81f2a5bd62f51eb29e15cc18a716bccc,841236e6e73859957af04209dfcf1e13145a45cef27c1f691557a202156992df,52146176,3.13.6,Windows-11-10.0.26200-SP0,2026-09-13T10:57:13.667469+00:00
tune:100000:1:hybrid:64:counted,0cfc5c7c0a5005d27a3bb518d776b983a8427406ffd6c39541c6c0566dfea02b,0c66ee43f1117e7a,c(ii)+c(iii),tune,hybrid,100000,64,1000000,1300101,1,counted,2385133,,,1,,,8,True,True,exact_histogram+sum+squares+xor,True,50048519205,33382778240998263,833143,0febac0b2d1d9ded40d3767a29f33bab81f2a5bd62f51eb29e15cc18a716bccc,841236e6e73859957af04209dfcf1e13145a45cef27c1f691557a202156992df,52252672,3.13.6,Windows-11-10.0.26200-SP0,2026-09-13T10:57:14.476192+00:00
tune:100000:1:hybrid:48:counted,0cfc5c7c0a5005d27a3bb518d776b983a8427406ffd6c39541c6c0566dfea02b,0c66ee43f1117e7a,c(ii)+c(iii),tune,hybrid,100000,48,1000000,1300101,1,counted,1950541,,,1,,,9,True,True,exact_histogram+sum+squares+xor,True,50048519205,33382778240998263,833143,0febac0b2d1d9ded40d3767a29f33bab81f2a5bd62f51eb29e15cc18a716bccc,841236e6e73859957af04209dfcf1e13145a45cef27c1f691557a202156992df,52252672,3.13.6,Windows-11-10.0.26200-SP0,2026-09-13T10:57:15.068773+00:00
tune:100000:1:hybrid:16:counted,0cfc5c7c0a5005d27a3bb518d776b983a8427406ffd6c39541c6c0566dfea02b,0c66ee43f1117e7a,c(ii)+c(iii),tune,hybrid,100000,16,1000000,1300101,1,counted,1639933,,,1,,,10,True,True,exact_histogram+sum+squares+xor,True,50048519205,33382778240998263,833143,0febac0b2d1d9ded40d3767a29f33bab81f2a5bd62f51eb29e15cc18a716bccc,841236e6e73859957af04209dfcf1e13145a45cef27c1f691557a202156992df,52252672,3.13.6,Windows-11-10.0.26200-SP0,2026-09-13T10:57:15.642380+00:00
tune:100000:1:hybrid:16:timed,0cfc5c7c0a5005d27a3bb518d776b983a8427406ffd6c39541c6c0566dfea02b,0c66ee43f1117e7a,c(ii)+c(iii),tune,hybrid,100000,16,1000000,1300101,1,timed,,0.46875,0.47915906000416725,5,2.34375,2.3957953000208363,11,True,True,exact_histogram+sum+squares+xor,True,50048519205,33382778240998263,833143,0febac0b2d1d9ded40d3767a29f33bab81f2a5bd62f51eb29e15cc18a716bccc,841236e6e73859957af04209dfcf1e13145a45cef27c1f691557a202156992df,52252672,3.13.6,Windows-11-10.0.26200-SP0,2026-09-13T10:57:18.146671+00:00
tune:100000:1:hybrid:32:timed,0cfc5c7c0a5005d27a3bb518d776b983a8427406ffd6c39541c6c0566dfea02b,0c66ee43f1117e7a,c(ii)+c(iii),tune,hybrid,100000,32,1000000,1300101,1,timed,,0.3875,0.39710947999265045,5,1.9375,1.9855473999632522,12,True,True,exact_histogram+sum+squares+xor,True,50048519205,33382778240998263,833143,0febac0b2d1d9ded40d3767a29f33bab81f2a5bd62f51eb29e15cc18a716bccc,841236e6e73859957af04209dfcf1e13145a45cef27c1f691557a202156992df,52252672,3.13.6,Windows-11-10.0.26200-SP0,2026-09-13T10:57:20.238931+00:00
tune:100000:1:hybrid:24:counted,0cfc5c7c0a5005d27a3bb518d776b983a8427406ffd6c39541c6c0566dfea02b,0c66ee43f1117e7a,c(ii)+c(iii),tune,hybrid,100000,24,1000000,1300101,1,counted,1766303,,,1,,,13,True,True,exact_histogram+sum+squares+xor,True,50048519205,33382778240998263,833143,0febac0b2d1d9ded40d3767a29f33bab81f2a5bd62f51eb29e15cc18a716bccc,841236e6e73859957af04209dfcf1e13145a45cef27c1f691557a202156992df,52252672,3.13.6,Windows-11-10.0.26200-SP0,2026-09-13T10:57:20.853798+00:00
tune:100000:1:hybrid:1:counted,0cfc5c7c0a5005d27a3bb518d776b983a8427406ffd6c39541c6c0566dfea02b,0c66ee43f1117e7a,c(ii)+c(iii),tune,hybrid,100000,1,1000000,1300101,1,counted,1536162,,,1,,,14,True,True,exact_histogram+sum+squares+xor,True,50048519205,33382778240998263,833143,0febac0b2d1d9ded40d3767a29f33bab81f2a5bd62f51eb29e15cc18a716bccc,841236e6e73859957af04209dfcf1e13145a45cef27c1f691557a202156992df,52252672,3.13.6,Windows-11-10.0.26200-SP0,2026-09-13T10:57:21.526197+00:00
tune:100000:1:hybrid:4:counted,0cfc5c7c0a5005d27a3bb518d776b983a8427406ffd6c39541c6c0566dfea02b,0c66ee43f1117e7a,c(ii)+c(iii),tune,hybrid,100000,4,1000000,1300101,1,counted,1536784,,,1,,,15,True,True,exact_histogram+sum+squares+xor,True,50048519205,33382778240998263,833143,0febac0b2d1d9ded40d3767a29f33bab81f2a5bd62f51eb29e15cc18a716bccc,841236e6e73859957af04209dfcf1e13145a45cef27c1f691557a202156992df,52252672,3.13.6,Windows-11-10.0.26200-SP0,2026-09-13T10:57:22.054585+00:00
tune:100000:1:hybrid:12:counted,0cfc5c7c0a5005d27a3bb518d776b983a8427406ffd6c39541c6c0566dfea02b,0c66ee43f1117e7a,c(ii)+c(iii),tune,hybrid,100000,12,1000000,1300101,1,counted,1620415,,,1,,,16,True,True,exact_histogram+sum+squares+xor,True,50048519205,33382778240998263,833143,0febac0b2d1d9ded40d3767a29f33bab81f2a5bd62f51eb29e15cc18a716bccc,841236e6e73859957af04209dfcf1e13145a45cef27c1f691557a202156992df,52252672,3.13.6,Windows-11-10.0.26200-SP0,2026-09-13T10:57:22.666378+00:00
tune:100000:1:hybrid:24:timed,0cfc5c7c0a5005d27a3bb518d776b983a8427406ffd6c39541c6c0566dfea02b,0c66ee43f1117e7a,c(ii)+c(iii),tune,hybrid,100000,24,1000000,1300101,1,timed,,0.440625,0.4473312800051644,5,2.203125,2.2366564000258222,17,True,True,exact_histogram+sum+squares+xor,True,50048519205,33382778240998263,833143,0febac0b2d1d9ded40d3767a29f33bab81f2a5bd62f51eb29e15cc18a716bccc,841236e6e73859957af04209dfcf1e13145a45cef27c1f691557a202156992df,52252672,3.13.6,Windows-11-10.0.26200-SP0,2026-09-13T10:57:25.017425+00:00
tune:100000:2:hybrid:8:timed,0cfc5c7c0a5005d27a3bb518d776b983a8427406ffd6c39541c6c0566dfea02b,0c66ee43f1117e7a,c(ii)+c(iii),tune,hybrid,100000,8,1000000,1300102,2,timed,,0.415625,0.4302193999988958,5,2.078125,2.151096999994479,0,True,True,exact_histogram+sum+squares+xor,True,50069602161,33419685283772593,235333,e800b7b3b16993afab625780e22cafada89f515501590ae33186ead8a0784a9f,d2a43481965ab8d3433d5dfee64517f439e7f51a0b0094df75a9ba503c5beea7,55848960,3.13.6,Windows-11-10.0.26200-SP0,2026-09-13T10:57:27.449232+00:00
tune:100000:2:hybrid:12:counted,0cfc5c7c0a5005d27a3bb518d776b983a8427406ffd6c39541c6c0566dfea02b,0c66ee43f1117e7a,c(ii)+c(iii),tune,hybrid,100000,12,1000000,1300102,2,counted,1620212,,,1,,,1,True,True,exact_histogram+sum+squares+xor,True,50069602161,33419685283772593,235333,e800b7b3b16993afab625780e22cafada89f515501590ae33186ead8a0784a9f,d2a43481965ab8d3433d5dfee64517f439e7f51a0b0094df75a9ba503c5beea7,52219904,3.13.6,Windows-11-10.0.26200-SP0,2026-09-13T10:57:28.023115+00:00
tune:100000:2:hybrid:8:counted,0cfc5c7c0a5005d27a3bb518d776b983a8427406ffd6c39541c6c0566dfea02b,0c66ee43f1117e7a,c(ii)+c(iii),tune,hybrid,100000,8,1000000,1300102,2,counted,1558194,,,1,,,2,True,True,exact_histogram+sum+squares+xor,True,50069602161,33419685283772593,235333,e800b7b3b16993afab625780e22cafada89f515501590ae33186ead8a0784a9f,d2a43481965ab8d3433d5dfee64517f439e7f51a0b0094df75a9ba503c5beea7,52219904,3.13.6,Windows-11-10.0.26200-SP0,2026-09-13T10:57:28.627888+00:00
tune:100000:2:hybrid:4:timed,0cfc5c7c0a5005d27a3bb518d776b983a8427406ffd6c39541c6c0566dfea02b,0c66ee43f1117e7a,c(ii)+c(iii),tune,hybrid,100000,4,1000000,1300102,2,timed,,0.428125,0.4314250199822709,5,2.140625,2.1571250999113545,3,True,True,exact_histogram+sum+squares+xor,True,50069602161,33419685283772593,235333,e800b7b3b16993afab625780e22cafada89f515501590ae33186ead8a0784a9f,d2a43481965ab8d3433d5dfee64517f439e7f51a0b0094df75a9ba503c5beea7,53817344,3.13.6,Windows-11-10.0.26200-SP0,2026-09-13T10:57:30.900863+00:00
tune:100000:2:hybrid:48:timed,0cfc5c7c0a5005d27a3bb518d776b983a8427406ffd6c39541c6c0566dfea02b,0c66ee43f1117e7a,c(ii)+c(iii),tune,hybrid,100000,48,1000000,1300102,2,timed,,0.4375,0.4497088399948552,5,2.1875,2.248544199974276,4,True,True,exact_histogram+sum+squares+xor,True,50069602161,33419685283772593,235333,e800b7b3b16993afab625780e22cafada89f515501590ae33186ead8a0784a9f,d2a43481965ab8d3433d5dfee64517f439e7f51a0b0094df75a9ba503c5beea7,53817344,3.13.6,Windows-11-10.0.26200-SP0,2026-09-13T10:57:33.261000+00:00
tune:100000:2:hybrid:4:counted,0cfc5c7c0a5005d27a3bb518d776b983a8427406ffd6c39541c6c0566dfea02b,0c66ee43f1117e7a,c(ii)+c(iii),tune,hybrid,100000,4,1000000,1300102,2,counted,1536928,,,1,,,5,True,True,exact_histogram+sum+squares+xor,True,50069602161,33419685283772593,235333,e800b7b3b16993afab625780e22cafada89f515501590ae33186ead8a0784a9f,d2a43481965ab8d3433d5dfee64517f439e7f51a0b0094df75a9ba503c5beea7,52219904,3.13.6,Windows-11-10.0.26200-SP0,2026-09-13T10:57:33.869550+00:00
tune:100000:2:hybrid:12:timed,0cfc5c7c0a5005d27a3bb518d776b983a8427406ffd6c39541c6c0566dfea02b,0c66ee43f1117e7a,c(ii)+c(iii),tune,hybrid,100000,12,1000000,1300102,2,timed,,0.44375,0.4508885199902579,5,2.21875,2.2544425999512896,6,True,True,exact_histogram+sum+squares+xor,True,50069602161,33419685283772593,235333,e800b7b3b16993afab625780e22cafada89f515501590ae33186ead8a0784a9f,d2a43481965ab8d3433d5dfee64517f439e7f51a0b0094df75a9ba503c5beea7,52219904,3.13.6,Windows-11-10.0.26200-SP0,2026-09-13T10:57:36.234325+00:00
tune:100000:2:hybrid:32:counted,0cfc5c7c0a5005d27a3bb518d776b983a8427406ffd6c39541c6c0566dfea02b,0c66ee43f1117e7a,c(ii)+c(iii),tune,hybrid,100000,32,1000000,1300102,2,counted,1863730,,,1,,,7,True,True,exact_histogram+sum+squares+xor,True,50069602161,33419685283772593,235333,e800b7b3b16993afab625780e22cafada89f515501590ae33186ead8a0784a9f,d2a43481965ab8d3433d5dfee64517f439e7f51a0b0094df75a9ba503c5beea7,52219904,3.13.6,Windows-11-10.0.26200-SP0,2026-09-13T10:57:36.802753+00:00
tune:100000:2:hybrid:64:counted,0cfc5c7c0a5005d27a3bb518d776b983a8427406ffd6c39541c6c0566dfea02b,0c66ee43f1117e7a,c(ii)+c(iii),tune,hybrid,100000,64,1000000,1300102,2,counted,2382206,,,1,,,8,True,True,exact_histogram+sum+squares+xor,True,50069602161,33419685283772593,235333,e800b7b3b16993afab625780e22cafada89f515501590ae33186ead8a0784a9f,d2a43481965ab8d3433d5dfee64517f439e7f51a0b0094df75a9ba503c5beea7,52219904,3.13.6,Windows-11-10.0.26200-SP0,2026-09-13T10:57:37.502918+00:00
tune:100000:2:hybrid:48:counted,0cfc5c7c0a5005d27a3bb518d776b983a8427406ffd6c39541c6c0566dfea02b,0c66ee43f1117e7a,c(ii)+c(iii),tune,hybrid,100000,48,1000000,1300102,2,counted,1949853,,,1,,,9,True,True,exact_histogram+sum+squares+xor,True,50069602161,33419685283772593,235333,e800b7b3b16993afab625780e22cafada89f515501590ae33186ead8a0784a9f,d2a43481965ab8d3433d5dfee64517f439e7f51a0b0094df75a9ba503c5beea7,52219904,3.13.6,Windows-11-10.0.26200-SP0,2026-09-13T10:57:38.001947+00:00
tune:100000:2:hybrid:64:timed,0cfc5c7c0a5005d27a3bb518d776b983a8427406ffd6c39541c6c0566dfea02b,0c66ee43f1117e7a,c(ii)+c(iii),tune,hybrid,100000,64,1000000,1300102,2,timed,,0.425,0.4411415599985048,5,2.125,2.205707799992524,10,True,True,exact_histogram+sum+squares+xor,True,50069602161,33419685283772593,235333,e800b7b3b16993afab625780e22cafada89f515501590ae33186ead8a0784a9f,d2a43481965ab8d3433d5dfee64517f439e7f51a0b0094df75a9ba503c5beea7,52219904,3.13.6,Windows-11-10.0.26200-SP0,2026-09-13T10:57:40.311328+00:00
tune:100000:2:hybrid:24:timed,0cfc5c7c0a5005d27a3bb518d776b983a8427406ffd6c39541c6c0566dfea02b,0c66ee43f1117e7a,c(ii)+c(iii),tune,hybrid,100000,24,1000000,1300102,2,timed,,0.44375,0.4484395599924028,5,2.21875,2.242197799962014,11,True,True,exact_histogram+sum+squares+xor,True,50069602161,33419685283772593,235333,e800b7b3b16993afab625780e22cafada89f515501590ae33186ead8a0784a9f,d2a43481965ab8d3433d5dfee64517f439e7f51a0b0094df75a9ba503c5beea7,52219904,3.13.6,Windows-11-10.0.26200-SP0,2026-09-13T10:57:42.682863+00:00
tune:100000:2:hybrid:16:counted,0cfc5c7c0a5005d27a3bb518d776b983a8427406ffd6c39541c6c0566dfea02b,0c66ee43f1117e7a,c(ii)+c(iii),tune,hybrid,100000,16,1000000,1300102,2,counted,1640437,,,1,,,12,True,True,exact_histogram+sum+squares+xor,True,50069602161,33419685283772593,235333,e800b7b3b16993afab625780e22cafada89f515501590ae33186ead8a0784a9f,d2a43481965ab8d3433d5dfee64517f439e7f51a0b0094df75a9ba503c5beea7,52219904,3.13.6,Windows-11-10.0.26200-SP0,2026-09-13T10:57:43.328111+00:00
tune:100000:2:hybrid:1:counted,0cfc5c7c0a5005d27a3bb518d776b983a8427406ffd6c39541c6c0566dfea02b,0c66ee43f1117e7a,c(ii)+c(iii),tune,hybrid,100000,1,1000000,1300102,2,counted,1536373,,,1,,,13,True,True,exact_histogram+sum+squares+xor,True,50069602161,33419685283772593,235333,e800b7b3b16993afab625780e22cafada89f515501590ae33186ead8a0784a9f,d2a43481965ab8d3433d5dfee64517f439e7f51a0b0094df75a9ba503c5beea7,52219904,3.13.6,Windows-11-10.0.26200-SP0,2026-09-13T10:57:43.936076+00:00
tune:100000:2:hybrid:1:timed,0cfc5c7c0a5005d27a3bb518d776b983a8427406ffd6c39541c6c0566dfea02b,0c66ee43f1117e7a,c(ii)+c(iii),tune,hybrid,100000,1,1000000,1300102,2,timed,,0.340625,0.3438398799858987,5,1.703125,1.7191993999294937,14,True,True,exact_histogram+sum+squares+xor,True,50069602161,33419685283772593,235333,e800b7b3b16993afab625780e22cafada89f515501590ae33186ead8a0784a9f,d2a43481965ab8d3433d5dfee64517f439e7f51a0b0094df75a9ba503c5beea7,52219904,3.13.6,Windows-11-10.0.26200-SP0,2026-09-13T10:57:45.737329+00:00
tune:100000:2:hybrid:32:timed,0cfc5c7c0a5005d27a3bb518d776b983a8427406ffd6c39541c6c0566dfea02b,0c66ee43f1117e7a,c(ii)+c(iii),tune,hybrid,100000,32,1000000,1300102,2,timed,,0.203125,0.2048881399910897,5,1.015625,1.0244406999554485,15,True,True,exact_histogram+sum+squares+xor,True,50069602161,33419685283772593,235333,e800b7b3b16993afab625780e22cafada89f515501590ae33186ead8a0784a9f,d2a43481965ab8d3433d5dfee64517f439e7f51a0b0094df75a9ba503c5beea7,52219904,3.13.6,Windows-11-10.0.26200-SP0,2026-09-13T10:57:46.818033+00:00
tune:100000:2:hybrid:24:counted,0cfc5c7c0a5005d27a3bb518d776b983a8427406ffd6c39541c6c0566dfea02b,0c66ee43f1117e7a,c(ii)+c(iii),tune,hybrid,100000,24,1000000,1300102,2,counted,1765527,,,1,,,16,True,True,exact_histogram+sum+squares+xor,True,50069602161,33419685283772593,235333,e800b7b3b16993afab625780e22cafada89f515501590ae33186ead8a0784a9f,d2a43481965ab8d3433d5dfee64517f439e7f51a0b0094df75a9ba503c5beea7,52219904,3.13.6,Windows-11-10.0.26200-SP0,2026-09-13T10:57:47.083558+00:00
tune:100000:2:hybrid:16:timed,0cfc5c7c0a5005d27a3bb518d776b983a8427406ffd6c39541c6c0566dfea02b,0c66ee43f1117e7a,c(ii)+c(iii),tune,hybrid,100000,16,1000000,1300102,2,timed,,0.19375,0.19313821999821812,5,0.96875,0.9656910999910906,17,True,True,exact_histogram+sum+squares+xor,True,50069602161,33419685283772593,235333,e800b7b3b16993afab625780e22cafada89f515501590ae33186ead8a0784a9f,d2a43481965ab8d3433d5dfee64517f439e7f51a0b0094df75a9ba503c5beea7,52219904,3.13.6,Windows-11-10.0.26200-SP0,2026-09-13T10:57:48.101968+00:00
confirm:1000000:0:hybrid:12:timed,0cfc5c7c0a5005d27a3bb518d776b983a8427406ffd6c39541c6c0566dfea02b,0c66ee43f1117e7a,c(iii)-confirmation,confirm,hybrid,1000000,12,1000000,10400100,0,timed,,2.546875,2.577051500091329,1,2.546875,2.577051500091329,0,True,True,exact_histogram+sum+squares+xor,True,499779315617,333119497214246543,111479,2d7b35384dcebdb980e5b84d78b2e8ff9f5f695bc8ecf18a43e426fa3c6c7bb9,969ff776db8f1e76378612533ea04173fbfc236e569f5b9c835fe430dd76dc75,106528768,3.13.6,Windows-11-10.0.26200-SP0,2026-09-13T10:57:51.765301+00:00
confirm:1000000:0:hybrid:32:counted,0cfc5c7c0a5005d27a3bb518d776b983a8427406ffd6c39541c6c0566dfea02b,0c66ee43f1117e7a,c(iii)-confirmation,confirm,hybrid,1000000,32,1000000,10400100,0,counted,23184259,,,1,,,1,True,True,exact_histogram+sum+squares+xor,True,499779315617,333119497214246543,111479,2d7b35384dcebdb980e5b84d78b2e8ff9f5f695bc8ecf18a43e426fa3c6c7bb9,969ff776db8f1e76378612533ea04173fbfc236e569f5b9c835fe430dd76dc75,106528768,3.13.6,Windows-11-10.0.26200-SP0,2026-09-13T10:57:55.089576+00:00
confirm:1000000:0:hybrid:32:timed,0cfc5c7c0a5005d27a3bb518d776b983a8427406ffd6c39541c6c0566dfea02b,0c66ee43f1117e7a,c(iii)-confirmation,confirm,hybrid,1000000,32,1000000,10400100,0,timed,,2.578125,2.6132930000312626,1,2.578125,2.6132930000312626,2,True,True,exact_histogram+sum+squares+xor,True,499779315617,333119497214246543,111479,2d7b35384dcebdb980e5b84d78b2e8ff9f5f695bc8ecf18a43e426fa3c6c7bb9,969ff776db8f1e76378612533ea04173fbfc236e569f5b9c835fe430dd76dc75,106528768,3.13.6,Windows-11-10.0.26200-SP0,2026-09-13T10:57:58.130310+00:00
confirm:1000000:0:hybrid:16:counted,0cfc5c7c0a5005d27a3bb518d776b983a8427406ffd6c39541c6c0566dfea02b,0c66ee43f1117e7a,c(iii)-confirmation,confirm,hybrid,1000000,16,1000000,10400100,0,counted,20220976,,,1,,,3,True,True,exact_histogram+sum+squares+xor,True,499779315617,333119497214246543,111479,2d7b35384dcebdb980e5b84d78b2e8ff9f5f695bc8ecf18a43e426fa3c6c7bb9,969ff776db8f1e76378612533ea04173fbfc236e569f5b9c835fe430dd76dc75,106528768,3.13.6,Windows-11-10.0.26200-SP0,2026-09-13T10:58:02.592631+00:00
confirm:1000000:0:hybrid:16:timed,0cfc5c7c0a5005d27a3bb518d776b983a8427406ffd6c39541c6c0566dfea02b,0c66ee43f1117e7a,c(iii)-confirmation,confirm,hybrid,1000000,16,1000000,10400100,0,timed,,4.53125,4.720908100018278,1,4.53125,4.720908100018278,4,True,True,exact_histogram+sum+squares+xor,True,499779315617,333119497214246543,111479,2d7b35384dcebdb980e5b84d78b2e8ff9f5f695bc8ecf18a43e426fa3c6c7bb9,969ff776db8f1e76378612533ea04173fbfc236e569f5b9c835fe430dd76dc75,106528768,3.13.6,Windows-11-10.0.26200-SP0,2026-09-13T10:58:07.792538+00:00
confirm:1000000:0:hybrid:12:counted,0cfc5c7c0a5005d27a3bb518d776b983a8427406ffd6c39541c6c0566dfea02b,0c66ee43f1117e7a,c(iii)-confirmation,confirm,hybrid,1000000,12,1000000,10400100,0,counted,19071105,,,1,,,5,True,True,exact_histogram+sum+squares+xor,True,499779315617,333119497214246543,111479,2d7b35384dcebdb980e5b84d78b2e8ff9f5f695bc8ecf18a43e426fa3c6c7bb9,969ff776db8f1e76378612533ea04173fbfc236e569f5b9c835fe430dd76dc75,106528768,3.13.6,Windows-11-10.0.26200-SP0,2026-09-13T10:58:11.970273+00:00
confirm:1000000:1:hybrid:12:timed,0cfc5c7c0a5005d27a3bb518d776b983a8427406ffd6c39541c6c0566dfea02b,0c66ee43f1117e7a,c(iii)-confirmation,confirm,hybrid,1000000,12,1000000,10400101,1,timed,,2.828125,2.857295499998145,1,2.828125,2.857295499998145,0,True,True,exact_histogram+sum+squares+xor,True,500183620063,333476442445764501,520427,8efb47ae8abc23398c308a2d3c43b1851a97619337245f9e54e6f37e0e3d98be,581dfbe093c570bb97e2f7bb1b4290908cc6455ad23c967e6522ced0f61f46b5,107585536,3.13.6,Windows-11-10.0.26200-SP0,2026-09-13T10:58:15.944477+00:00
confirm:1000000:1:hybrid:32:timed,0cfc5c7c0a5005d27a3bb518d776b983a8427406ffd6c39541c6c0566dfea02b,0c66ee43f1117e7a,c(iii)-confirmation,confirm,hybrid,1000000,32,1000000,10400101,1,timed,,2.78125,2.850811899988912,1,2.78125,2.850811899988912,1,True,True,exact_histogram+sum+squares+xor,True,500183620063,333476442445764501,520427,8efb47ae8abc23398c308a2d3c43b1851a97619337245f9e54e6f37e0e3d98be,581dfbe093c570bb97e2f7bb1b4290908cc6455ad23c967e6522ced0f61f46b5,107585536,3.13.6,Windows-11-10.0.26200-SP0,2026-09-13T10:58:19.216326+00:00
confirm:1000000:1:hybrid:16:counted,0cfc5c7c0a5005d27a3bb518d776b983a8427406ffd6c39541c6c0566dfea02b,0c66ee43f1117e7a,c(iii)-confirmation,confirm,hybrid,1000000,16,1000000,10400101,1,counted,20223876,,,1,,,2,True,True,exact_histogram+sum+squares+xor,True,500183620063,333476442445764501,520427,8efb47ae8abc23398c308a2d3c43b1851a97619337245f9e54e6f37e0e3d98be,581dfbe093c570bb97e2f7bb1b4290908cc6455ad23c967e6522ced0f61f46b5,107585536,3.13.6,Windows-11-10.0.26200-SP0,2026-09-13T10:58:22.644361+00:00
confirm:1000000:1:hybrid:16:timed,0cfc5c7c0a5005d27a3bb518d776b983a8427406ffd6c39541c6c0566dfea02b,0c66ee43f1117e7a,c(iii)-confirmation,confirm,hybrid,1000000,16,1000000,10400101,1,timed,,2.828125,2.8918732999591157,1,2.828125,2.8918732999591157,3,True,True,exact_histogram+sum+squares+xor,True,500183620063,333476442445764501,520427,8efb47ae8abc23398c308a2d3c43b1851a97619337245f9e54e6f37e0e3d98be,581dfbe093c570bb97e2f7bb1b4290908cc6455ad23c967e6522ced0f61f46b5,107585536,3.13.6,Windows-11-10.0.26200-SP0,2026-09-13T10:58:25.992471+00:00
confirm:1000000:1:hybrid:12:counted,0cfc5c7c0a5005d27a3bb518d776b983a8427406ffd6c39541c6c0566dfea02b,0c66ee43f1117e7a,c(iii)-confirmation,confirm,hybrid,1000000,12,1000000,10400101,1,counted,19072727,,,1,,,4,True,True,exact_histogram+sum+squares+xor,True,500183620063,333476442445764501,520427,8efb47ae8abc23398c308a2d3c43b1851a97619337245f9e54e6f37e0e3d98be,581dfbe093c570bb97e2f7bb1b4290908cc6455ad23c967e6522ced0f61f46b5,107585536,3.13.6,Windows-11-10.0.26200-SP0,2026-09-13T10:58:29.544808+00:00
confirm:1000000:1:hybrid:32:counted,0cfc5c7c0a5005d27a3bb518d776b983a8427406ffd6c39541c6c0566dfea02b,0c66ee43f1117e7a,c(iii)-confirmation,confirm,hybrid,1000000,32,1000000,10400101,1,counted,23188127,,,1,,,5,True,True,exact_histogram+sum+squares+xor,True,500183620063,333476442445764501,520427,8efb47ae8abc23398c308a2d3c43b1851a97619337245f9e54e6f37e0e3d98be,581dfbe093c570bb97e2f7bb1b4290908cc6455ad23c967e6522ced0f61f46b5,107585536,3.13.6,Windows-11-10.0.26200-SP0,2026-09-13T10:58:32.995065+00:00
confirm:1000000:2:hybrid:16:timed,0cfc5c7c0a5005d27a3bb518d776b983a8427406ffd6c39541c6c0566dfea02b,0c66ee43f1117e7a,c(iii)-confirmation,confirm,hybrid,1000000,16,1000000,10400102,2,timed,,2.5,2.58216029999312,1,2.5,2.58216029999312,0,True,True,exact_histogram+sum+squares+xor,True,499419960523,332741935115501241,1026151,535ce1eb7d3ee3b9e406e3762f529d27dad2780a3d566e84fb98ff0cbfda0a05,800d87ef842961e612d7a45d37f637c957198fb948933ade593321532e401a44,107532288,3.13.6,Windows-11-10.0.26200-SP0,2026-09-13T10:58:36.699538+00:00
confirm:1000000:2:hybrid:16:counted,0cfc5c7c0a5005d27a3bb518d776b983a8427406ffd6c39541c6c0566dfea02b,0c66ee43f1117e7a,c(iii)-confirmation,confirm,hybrid,1000000,16,1000000,10400102,2,counted,20226092,,,1,,,1,True,True,exact_histogram+sum+squares+xor,True,499419960523,332741935115501241,1026151,535ce1eb7d3ee3b9e406e3762f529d27dad2780a3d566e84fb98ff0cbfda0a05,800d87ef842961e612d7a45d37f637c957198fb948933ade593321532e401a44,107532288,3.13.6,Windows-11-10.0.26200-SP0,2026-09-13T10:58:40.166478+00:00
confirm:1000000:2:hybrid:12:counted,0cfc5c7c0a5005d27a3bb518d776b983a8427406ffd6c39541c6c0566dfea02b,0c66ee43f1117e7a,c(iii)-confirmation,confirm,hybrid,1000000,12,1000000,10400102,2,counted,19074177,,,1,,,2,True,True,exact_histogram+sum+squares+xor,True,499419960523,332741935115501241,1026151,535ce1eb7d3ee3b9e406e3762f529d27dad2780a3d566e84fb98ff0cbfda0a05,800d87ef842961e612d7a45d37f637c957198fb948933ade593321532e401a44,107532288,3.13.6,Windows-11-10.0.26200-SP0,2026-09-13T10:58:43.889157+00:00
confirm:1000000:2:hybrid:32:timed,0cfc5c7c0a5005d27a3bb518d776b983a8427406ffd6c39541c6c0566dfea02b,0c66ee43f1117e7a,c(iii)-confirmation,confirm,hybrid,1000000,32,1000000,10400102,2,timed,,2.84375,2.9723917999072,1,2.84375,2.9723917999072,3,True,True,exact_histogram+sum+squares+xor,True,499419960523,332741935115501241,1026151,535ce1eb7d3ee3b9e406e3762f529d27dad2780a3d566e84fb98ff0cbfda0a05,800d87ef842961e612d7a45d37f637c957198fb948933ade593321532e401a44,107532288,3.13.6,Windows-11-10.0.26200-SP0,2026-09-13T10:58:47.304365+00:00
confirm:1000000:2:hybrid:32:counted,0cfc5c7c0a5005d27a3bb518d776b983a8427406ffd6c39541c6c0566dfea02b,0c66ee43f1117e7a,c(iii)-confirmation,confirm,hybrid,1000000,32,1000000,10400102,2,counted,23194723,,,1,,,4,True,True,exact_histogram+sum+squares+xor,True,499419960523,332741935115501241,1026151,535ce1eb7d3ee3b9e406e3762f529d27dad2780a3d566e84fb98ff0cbfda0a05,800d87ef842961e612d7a45d37f637c957198fb948933ade593321532e401a44,107532288,3.13.6,Windows-11-10.0.26200-SP0,2026-09-13T10:58:50.878773+00:00
confirm:1000000:2:hybrid:12:timed,0cfc5c7c0a5005d27a3bb518d776b983a8427406ffd6c39541c6c0566dfea02b,0c66ee43f1117e7a,c(iii)-confirmation,confirm,hybrid,1000000,12,1000000,10400102,2,timed,,2.78125,2.827131300000474,1,2.78125,2.827131300000474,5,True,True,exact_histogram+sum+squares+xor,True,499419960523,332741935115501241,1026151,535ce1eb7d3ee3b9e406e3762f529d27dad2780a3d566e84fb98ff0cbfda0a05,800d87ef842961e612d7a45d37f637c957198fb948933ade593321532e401a44,107532288,3.13.6,Windows-11-10.0.26200-SP0,2026-09-13T10:58:54.169530+00:00
scale:1000:0:hybrid:16:counted,0cfc5c7c0a5005d27a3bb518d776b983a8427406ffd6c39541c6c0566dfea02b,0c66ee43f1117e7a,c(i),scale,hybrid,1000,16,1000000,210100,0,counted,10462,,,1,,,0,True,True,exact_histogram+sum+squares+xor,True,498441064,327715469230176,535556,734911569c585231d8d7a210c0a46e1b0b6994e0502c3f64b153a3be34aff370,0e26152fb850a37c322905bab61aeec636b3bab8cefdbf27b03de177f913b212,57315328,3.13.6,Windows-11-10.0.26200-SP0,2026-09-13T10:58:54.222680+00:00
scale:1000:0:hybrid:16:timed,0cfc5c7c0a5005d27a3bb518d776b983a8427406ffd6c39541c6c0566dfea02b,0c66ee43f1117e7a,c(i),scale,hybrid,1000,16,1000000,210100,0,timed,,0.00103125,0.0010434723999351264,500,0.515625,0.5217361999675632,1,True,True,exact_histogram+sum+squares+xor,True,498441064,327715469230176,535556,734911569c585231d8d7a210c0a46e1b0b6994e0502c3f64b153a3be34aff370,0e26152fb850a37c322905bab61aeec636b3bab8cefdbf27b03de177f913b212,52367360,3.13.6,Windows-11-10.0.26200-SP0,2026-09-13T10:58:54.764459+00:00
scale:1000:1:hybrid:16:counted,0cfc5c7c0a5005d27a3bb518d776b983a8427406ffd6c39541c6c0566dfea02b,0c66ee43f1117e7a,c(i),scale,hybrid,1000,16,1000000,210101,1,counted,10387,,,1,,,0,True,True,exact_histogram+sum+squares+xor,True,501524980,334857017854036,665724,18008bbdecdc68beacc7ff3cafc7ef721de84d574a3b6020d361cae275e669be,883544c792dcddc31e504795a29cc74ff0057b94e82a9af769618b0919f812fc,52633600,3.13.6,Windows-11-10.0.26200-SP0,2026-09-13T10:58:54.791569+00:00
scale:1000:1:hybrid:16:timed,0cfc5c7c0a5005d27a3bb518d776b983a8427406ffd6c39541c6c0566dfea02b,0c66ee43f1117e7a,c(i),scale,hybrid,1000,16,1000000,210101,1,timed,,0.00109375,0.001099364599911496,500,0.546875,0.549682299955748,1,True,True,exact_histogram+sum+squares+xor,True,501524980,334857017854036,665724,18008bbdecdc68beacc7ff3cafc7ef721de84d574a3b6020d361cae275e669be,883544c792dcddc31e504795a29cc74ff0057b94e82a9af769618b0919f812fc,52068352,3.13.6,Windows-11-10.0.26200-SP0,2026-09-13T10:58:55.360667+00:00
scale:1000:2:hybrid:16:timed,0cfc5c7c0a5005d27a3bb518d776b983a8427406ffd6c39541c6c0566dfea02b,0c66ee43f1117e7a,c(i),scale,hybrid,1000,16,1000000,210102,2,timed,,0.0013125,0.0013275986001826823,500,0.65625,0.6637993000913411,0,True,True,exact_histogram+sum+squares+xor,True,499407261,329919223888053,757129,bf941be7aee73a3bb3d4a2bf767797b91e5f6ded8644a8c499d6150f828ee7c6,c1f573b5d199e0b44724018d27ea0d84bc77ce3ca80e90404bf7d93fc7cbeb7c,52002816,3.13.6,Windows-11-10.0.26200-SP0,2026-09-13T10:58:56.051937+00:00
scale:1000:2:hybrid:16:counted,0cfc5c7c0a5005d27a3bb518d776b983a8427406ffd6c39541c6c0566dfea02b,0c66ee43f1117e7a,c(i),scale,hybrid,1000,16,1000000,210102,2,counted,10304,,,1,,,1,True,True,exact_histogram+sum+squares+xor,True,499407261,329919223888053,757129,bf941be7aee73a3bb3d4a2bf767797b91e5f6ded8644a8c499d6150f828ee7c6,c1f573b5d199e0b44724018d27ea0d84bc77ce3ca80e90404bf7d93fc7cbeb7c,52314112,3.13.6,Windows-11-10.0.26200-SP0,2026-09-13T10:58:56.076390+00:00
scale:10000:0:hybrid:16:timed,0cfc5c7c0a5005d27a3bb518d776b983a8427406ffd6c39541c6c0566dfea02b,0c66ee43f1117e7a,c(i),scale,hybrid,10000,16,1000000,300100,0,timed,,0.0228125,0.023035687999799846,50,1.140625,1.1517843999899924,0,True,True,exact_histogram+sum+squares+xor,True,5021553072,3372284474749802,702506,5c30db3ea61e0da213c04237771199370a702af3ee0ad6fb5efd7129c3d90d59,ec7b528383ec0bac0eebb94e177e4176daf6af4e4d94c668ae48bb0910d50a6d,52723712,3.13.6,Windows-11-10.0.26200-SP0,2026-09-13T10:58:57.267975+00:00
scale:10000:0:hybrid:16:counted,0cfc5c7c0a5005d27a3bb518d776b983a8427406ffd6c39541c6c0566dfea02b,0c66ee43f1117e7a,c(i),scale,hybrid,10000,16,1000000,300100,0,counted,126906,,,1,,,1,True,True,exact_histogram+sum+squares+xor,True,5021553072,3372284474749802,702506,5c30db3ea61e0da213c04237771199370a702af3ee0ad6fb5efd7129c3d90d59,ec7b528383ec0bac0eebb94e177e4176daf6af4e4d94c668ae48bb0910d50a6d,52842496,3.13.6,Windows-11-10.0.26200-SP0,2026-09-13T10:58:57.316974+00:00
scale:10000:1:hybrid:16:timed,0cfc5c7c0a5005d27a3bb518d776b983a8427406ffd6c39541c6c0566dfea02b,0c66ee43f1117e7a,c(i),scale,hybrid,10000,16,1000000,300101,1,timed,,0.0178125,0.018327824000734835,50,0.8906249999999999,0.9163912000367418,0,True,True,exact_histogram+sum+squares+xor,True,4973787627,3313428233723643,641701,a9fe9a309d802864c9ff75359b21e8a5678221aeb8dc9487ae879f33ab3f9aaf,aadc3b4255b8d40504eada4aec9d629826a5d0e29ba0fa2793d239a57ecf5f69,52817920,3.13.6,Windows-11-10.0.26200-SP0,2026-09-13T10:58:58.278498+00:00
scale:10000:1:hybrid:16:counted,0cfc5c7c0a5005d27a3bb518d776b983a8427406ffd6c39541c6c0566dfea02b,0c66ee43f1117e7a,c(i),scale,hybrid,10000,16,1000000,300101,1,counted,127279,,,1,,,1,True,True,exact_histogram+sum+squares+xor,True,4973787627,3313428233723643,641701,a9fe9a309d802864c9ff75359b21e8a5678221aeb8dc9487ae879f33ab3f9aaf,aadc3b4255b8d40504eada4aec9d629826a5d0e29ba0fa2793d239a57ecf5f69,52838400,3.13.6,Windows-11-10.0.26200-SP0,2026-09-13T10:58:58.323725+00:00
scale:10000:2:hybrid:16:timed,0cfc5c7c0a5005d27a3bb518d776b983a8427406ffd6c39541c6c0566dfea02b,0c66ee43f1117e7a,c(i),scale,hybrid,10000,16,1000000,300102,2,timed,,0.0175,0.01795359600102529,50,0.8750000000000001,0.8976798000512645,0,True,True,exact_histogram+sum+squares+xor,True,4942762392,3274495161556712,417800,f9a556f5c1fd2270790e19ebf02b81b9f0450e6d49c1e812e5f1adfbab5d51ae,cdc1a035558d7e259b890bbc229fe975cd4cabb153fd422dbbcda5e54f13b28b,52850688,3.13.6,Windows-11-10.0.26200-SP0,2026-09-13T10:58:59.258870+00:00
scale:10000:2:hybrid:16:counted,0cfc5c7c0a5005d27a3bb518d776b983a8427406ffd6c39541c6c0566dfea02b,0c66ee43f1117e7a,c(i),scale,hybrid,10000,16,1000000,300102,2,counted,127173,,,1,,,1,True,True,exact_histogram+sum+squares+xor,True,4942762392,3274495161556712,417800,f9a556f5c1fd2270790e19ebf02b81b9f0450e6d49c1e812e5f1adfbab5d51ae,cdc1a035558d7e259b890bbc229fe975cd4cabb153fd422dbbcda5e54f13b28b,52854784,3.13.6,Windows-11-10.0.26200-SP0,2026-09-13T10:58:59.296741+00:00
scale:100000:0:hybrid:16:counted,0cfc5c7c0a5005d27a3bb518d776b983a8427406ffd6c39541c6c0566dfea02b,0c66ee43f1117e7a,c(i),scale,hybrid,100000,16,1000000,1200100,0,counted,1639253,,,1,,,0,True,True,exact_histogram+sum+squares+xor,True,50073336938,33438367682346368,132570,e92da14fbd5ceea578a0b63f0ea0361cf42a48b6f9295056c95b6535f727ab1b,72e7908103e37a22f543d3339923537b7c88b50a61dc6975078abeb606f78d32,56520704,3.13.6,Windows-11-10.0.26200-SP0,2026-09-13T10:58:59.651933+00:00
scale:100000:0:hybrid:16:timed,0cfc5c7c0a5005d27a3bb518d776b983a8427406ffd6c39541c6c0566dfea02b,0c66ee43f1117e7a,c(i),scale,hybrid,100000,16,1000000,1200100,0,timed,,0.20625,0.20524134000297636,5,1.03125,1.0262067000148818,1,True,True,exact_histogram+sum+squares+xor,True,50073336938,33438367682346368,132570,e92da14fbd5ceea578a0b63f0ea0361cf42a48b6f9295056c95b6535f727ab1b,72e7908103e37a22f543d3339923537b7c88b50a61dc6975078abeb606f78d32,56512512,3.13.6,Windows-11-10.0.26200-SP0,2026-09-13T10:59:00.740316+00:00
scale:100000:1:hybrid:16:timed,0cfc5c7c0a5005d27a3bb518d776b983a8427406ffd6c39541c6c0566dfea02b,0c66ee43f1117e7a,c(i),scale,hybrid,100000,16,1000000,1200101,1,timed,,0.203125,0.20514301999937742,5,1.015625,1.0257150999968871,0,True,True,exact_histogram+sum+squares+xor,True,49958106918,33298288518832060,237806,bef000cc18ecf28fdc0fb1394ef37fe641939bcb790d937ad3cf48337253518c,e91b792074795e8fbdd6eb4526b73ea030b0d3fc58479d2e4fae1b108625b07b,59658240,3.13.6,Windows-11-10.0.26200-SP0,2026-09-13T10:59:01.900160+00:00
scale:100000:1:hybrid:16:counted,0cfc5c7c0a5005d27a3bb518d776b983a8427406ffd6c39541c6c0566dfea02b,0c66ee43f1117e7a,c(i),scale,hybrid,100000,16,1000000,1200101,1,counted,1639745,,,1,,,1,True,True,exact_histogram+sum+squares+xor,True,49958106918,33298288518832060,237806,bef000cc18ecf28fdc0fb1394ef37fe641939bcb790d937ad3cf48337253518c,e91b792074795e8fbdd6eb4526b73ea030b0d3fc58479d2e4fae1b108625b07b,58056704,3.13.6,Windows-11-10.0.26200-SP0,2026-09-13T10:59:02.188803+00:00
scale:100000:2:hybrid:16:timed,0cfc5c7c0a5005d27a3bb518d776b983a8427406ffd6c39541c6c0566dfea02b,0c66ee43f1117e7a,c(i),scale,hybrid,100000,16,1000000,1200102,2,timed,,0.1875,0.19030724000185728,5,0.9375,0.9515362000092864,0,True,True,exact_histogram+sum+squares+xor,True,50072999737,33389127733607941,507069,c4fd77976e5fbe597ba3d7da404bab248747ef40e8c133b1c3ef27f096e6549b,eeadcdc379aa23e33250993c995384f1f03d3d65ad8bfd0eb9b4515e48ae50a4,56520704,3.13.6,Windows-11-10.0.26200-SP0,2026-09-13T10:59:03.303444+00:00
scale:100000:2:hybrid:16:counted,0cfc5c7c0a5005d27a3bb518d776b983a8427406ffd6c39541c6c0566dfea02b,0c66ee43f1117e7a,c(i),scale,hybrid,100000,16,1000000,1200102,2,counted,1639466,,,1,,,1,True,True,exact_histogram+sum+squares+xor,True,50072999737,33389127733607941,507069,c4fd77976e5fbe597ba3d7da404bab248747ef40e8c133b1c3ef27f096e6549b,eeadcdc379aa23e33250993c995384f1f03d3d65ad8bfd0eb9b4515e48ae50a4,54910976,3.13.6,Windows-11-10.0.26200-SP0,2026-09-13T10:59:03.599026+00:00
scale:300000:0:hybrid:16:timed,0cfc5c7c0a5005d27a3bb518d776b983a8427406ffd6c39541c6c0566dfea02b,0c66ee43f1117e7a,c(i),scale,hybrid,300000,16,1000000,3200100,0,timed,,0.78125,0.7945443000644445,1,0.78125,0.7945443000644445,0,True,True,exact_histogram+sum+squares+xor,True,150099108811,100151981602276207,540041,205976989a2f06bffee76e92f769f57cfe7c1aaf54af10ed167a26ab991c2495,8e3e0fbb0f974a78d64d761ff5d7f0b0e748b6a0e3a8276421f7c3a74fbd7ea1,66834432,3.13.6,Windows-11-10.0.26200-SP0,2026-09-13T10:59:04.838191+00:00
scale:300000:0:hybrid:16:counted,0cfc5c7c0a5005d27a3bb518d776b983a8427406ffd6c39541c6c0566dfea02b,0c66ee43f1117e7a,c(i),scale,hybrid,300000,16,1000000,3200100,0,counted,5259982,,,1,,,1,True,True,exact_histogram+sum+squares+xor,True,150099108811,100151981602276207,540041,205976989a2f06bffee76e92f769f57cfe7c1aaf54af10ed167a26ab991c2495,8e3e0fbb0f974a78d64d761ff5d7f0b0e748b6a0e3a8276421f7c3a74fbd7ea1,66834432,3.13.6,Windows-11-10.0.26200-SP0,2026-09-13T10:59:05.994344+00:00
scale:300000:1:hybrid:16:timed,0cfc5c7c0a5005d27a3bb518d776b983a8427406ffd6c39541c6c0566dfea02b,0c66ee43f1117e7a,c(i),scale,hybrid,300000,16,1000000,3200101,1,timed,,0.703125,0.7328588999807835,1,0.703125,0.7328588999807835,0,True,True,exact_histogram+sum+squares+xor,True,149949619950,99922030657789782,400160,3911e878e5a40902f5e56ca367e5e89d994905311d00906fd4df532eb0db5073,1dd02bd5f8f1f065ee0de12468b39cd0e11e680a0150ebf85e1b630baa72f3f8,66805760,3.13.6,Windows-11-10.0.26200-SP0,2026-09-13T10:59:07.098011+00:00
scale:300000:1:hybrid:16:counted,0cfc5c7c0a5005d27a3bb518d776b983a8427406ffd6c39541c6c0566dfea02b,0c66ee43f1117e7a,c(i),scale,hybrid,300000,16,1000000,3200101,1,counted,5258783,,,1,,,1,True,True,exact_histogram+sum+squares+xor,True,149949619950,99922030657789782,400160,3911e878e5a40902f5e56ca367e5e89d994905311d00906fd4df532eb0db5073,1dd02bd5f8f1f065ee0de12468b39cd0e11e680a0150ebf85e1b630baa72f3f8,66805760,3.13.6,Windows-11-10.0.26200-SP0,2026-09-13T10:59:08.104155+00:00
scale:300000:2:hybrid:16:timed,0cfc5c7c0a5005d27a3bb518d776b983a8427406ffd6c39541c6c0566dfea02b,0c66ee43f1117e7a,c(i),scale,hybrid,300000,16,1000000,3200102,2,timed,,0.734375,0.7578776999143884,1,0.734375,0.7578776999143884,0,True,True,exact_histogram+sum+squares+xor,True,149795793955,99829035938855885,841027,4fe1acd50d851c6d23f4e593fccd7d6e55cfa471e09240f751be5d50f7a35521,6ab789e2a1bf76d001e431da72479dbcf1737c58f890e744ec80f33317781b77,66846720,3.13.6,Windows-11-10.0.26200-SP0,2026-09-13T10:59:09.238468+00:00
scale:300000:2:hybrid:16:counted,0cfc5c7c0a5005d27a3bb518d776b983a8427406ffd6c39541c6c0566dfea02b,0c66ee43f1117e7a,c(i),scale,hybrid,300000,16,1000000,3200102,2,counted,5257918,,,1,,,1,True,True,exact_histogram+sum+squares+xor,True,149795793955,99829035938855885,841027,4fe1acd50d851c6d23f4e593fccd7d6e55cfa471e09240f751be5d50f7a35521,6ab789e2a1bf76d001e431da72479dbcf1737c58f890e744ec80f33317781b77,66846720,3.13.6,Windows-11-10.0.26200-SP0,2026-09-13T10:59:10.196949+00:00
scale:1000000:0:hybrid:16:timed,0cfc5c7c0a5005d27a3bb518d776b983a8427406ffd6c39541c6c0566dfea02b,0c66ee43f1117e7a,c(i),scale,hybrid,1000000,16,1000000,10200100,0,timed,,3.25,3.3688292000442743,1,3.25,3.3688292000442743,0,True,True,exact_histogram+sum+squares+xor,True,500278601599,333599600642996725,160839,f330ba1383a932a45248d7ad343796d17e7455b5f98fd9e6e0ec725c00ff4e65,0be04b842949d88a4dd24e4cd0e0e6ba334b349d7f764571defa8e82c4148259,102748160,3.13.6,Windows-11-10.0.26200-SP0,2026-09-13T10:59:15.240228+00:00
scale:1000000:0:hybrid:16:counted,0cfc5c7c0a5005d27a3bb518d776b983a8427406ffd6c39541c6c0566dfea02b,0c66ee43f1117e7a,c(i),scale,hybrid,1000000,16,1000000,10200100,0,counted,20221425,,,1,,,1,True,True,exact_histogram+sum+squares+xor,True,500278601599,333599600642996725,160839,f330ba1383a932a45248d7ad343796d17e7455b5f98fd9e6e0ec725c00ff4e65,0be04b842949d88a4dd24e4cd0e0e6ba334b349d7f764571defa8e82c4148259,102748160,3.13.6,Windows-11-10.0.26200-SP0,2026-09-13T10:59:24.142783+00:00
scale:1000000:1:hybrid:16:timed,0cfc5c7c0a5005d27a3bb518d776b983a8427406ffd6c39541c6c0566dfea02b,0c66ee43f1117e7a,c(i),scale,hybrid,1000000,16,1000000,10200101,1,timed,,5.40625,5.5071098000044,1,5.40625,5.5071098000044,0,True,True,exact_histogram+sum+squares+xor,True,500023894010,333417986314028146,16468,72999af83e260bae7f8064526941c3508f7d7a7f1959389468ee6d4fe4ca3d94,6a209fbc27060ea44885dac2d7562608f4d8a02740ee787822eba7145f86e6bb,106082304,3.13.6,Windows-11-10.0.26200-SP0,2026-09-13T10:59:31.594719+00:00
scale:1000000:1:hybrid:16:counted,0cfc5c7c0a5005d27a3bb518d776b983a8427406ffd6c39541c6c0566dfea02b,0c66ee43f1117e7a,c(i),scale,hybrid,1000000,16,1000000,10200101,1,counted,20229003,,,1,,,1,True,True,exact_histogram+sum+squares+xor,True,500023894010,333417986314028146,16468,72999af83e260bae7f8064526941c3508f7d7a7f1959389468ee6d4fe4ca3d94,6a209fbc27060ea44885dac2d7562608f4d8a02740ee787822eba7145f86e6bb,106086400,3.13.6,Windows-11-10.0.26200-SP0,2026-09-13T10:59:39.251472+00:00
scale:1000000:2:hybrid:16:timed,0cfc5c7c0a5005d27a3bb518d776b983a8427406ffd6c39541c6c0566dfea02b,0c66ee43f1117e7a,c(i),scale,hybrid,1000000,16,1000000,10200102,2,timed,,5.75,5.937159999972209,1,5.75,5.937159999972209,0,True,True,exact_histogram+sum+squares+xor,True,499684639951,333152619089460141,563735,6dadfd5112403321dc0a23a2f5faf8e5f84a2b3825281bc15a6f87b6f858d92f,52b8b66707ccf4e8be118e41a99ba760689373a8f0713289af4bc24ed8f75c7d,106176512,3.13.6,Windows-11-10.0.26200-SP0,2026-09-13T10:59:47.409008+00:00
scale:1000000:2:hybrid:16:counted,0cfc5c7c0a5005d27a3bb518d776b983a8427406ffd6c39541c6c0566dfea02b,0c66ee43f1117e7a,c(i),scale,hybrid,1000000,16,1000000,10200102,2,counted,20220203,,,1,,,1,True,True,exact_histogram+sum+squares+xor,True,499684639951,333152619089460141,563735,6dadfd5112403321dc0a23a2f5faf8e5f84a2b3825281bc15a6f87b6f858d92f,52b8b66707ccf4e8be118e41a99ba760689373a8f0713289af4bc24ed8f75c7d,106176512,3.13.6,Windows-11-10.0.26200-SP0,2026-09-13T10:59:54.763391+00:00
scale:3000000:0:hybrid:16:timed,0cfc5c7c0a5005d27a3bb518d776b983a8427406ffd6c39541c6c0566dfea02b,0c66ee43f1117e7a,c(i),scale,hybrid,3000000,16,1000000,30200100,0,timed,,23.09375,23.63446470000781,1,23.09375,23.63446470000781,0,True,True,exact_histogram+sum+squares+xor,True,1500380648991,1000308510816826337,143571,5ae356f74b5c04ce443d7493ed9cf9e18f611eae9729b9b0768befb9756e64d8,bfa7f789a8de490fbf9044f40c7ea6be5648d93d484011e2549a850c8b7303d2,215105536,3.13.6,Windows-11-10.0.26200-SP0,2026-09-13T11:00:25.529630+00:00
scale:3000000:0:hybrid:16:counted,0cfc5c7c0a5005d27a3bb518d776b983a8427406ffd6c39541c6c0566dfea02b,0c66ee43f1117e7a,c(i),scale,hybrid,3000000,16,1000000,30200100,0,counted,63550952,,,1,,,1,True,True,exact_histogram+sum+squares+xor,True,1500380648991,1000308510816826337,143571,5ae356f74b5c04ce443d7493ed9cf9e18f611eae9729b9b0768befb9756e64d8,bfa7f789a8de490fbf9044f40c7ea6be5648d93d484011e2549a850c8b7303d2,215105536,3.13.6,Windows-11-10.0.26200-SP0,2026-09-13T11:00:58.123729+00:00
scale:3000000:1:hybrid:16:counted,0cfc5c7c0a5005d27a3bb518d776b983a8427406ffd6c39541c6c0566dfea02b,0c66ee43f1117e7a,c(i),scale,hybrid,3000000,16,1000000,30200101,1,counted,63552923,,,1,,,0,True,True,exact_histogram+sum+squares+xor,True,1499454459928,999338710472449766,653978,f6329b930c2cf910f2a18a0821f0069e3eab4ac6125b8841711853d921bd262d,cc803a4bb3581861fdcece733c0b264c5c1f62dcec25473ebe113ff102b7a642,218472448,3.13.6,Windows-11-10.0.26200-SP0,2026-09-13T11:01:32.481305+00:00
scale:3000000:1:hybrid:16:timed,0cfc5c7c0a5005d27a3bb518d776b983a8427406ffd6c39541c6c0566dfea02b,0c66ee43f1117e7a,c(i),scale,hybrid,3000000,16,1000000,30200101,1,timed,,27.34375,28.029552099993452,1,27.34375,28.029552099993452,1,True,True,exact_histogram+sum+squares+xor,True,1499454459928,999338710472449766,653978,f6329b930c2cf910f2a18a0821f0069e3eab4ac6125b8841711853d921bd262d,cc803a4bb3581861fdcece733c0b264c5c1f62dcec25473ebe113ff102b7a642,218435584,3.13.6,Windows-11-10.0.26200-SP0,2026-09-13T11:02:03.287012+00:00
scale:3000000:2:hybrid:16:counted,0cfc5c7c0a5005d27a3bb518d776b983a8427406ffd6c39541c6c0566dfea02b,0c66ee43f1117e7a,c(i),scale,hybrid,3000000,16,1000000,30200102,2,counted,63555337,,,1,,,0,True,True,exact_histogram+sum+squares+xor,True,1500238678784,1000331586130345246,736078,29dc2d4059b27fc7403fdc87c386eb2320fb8aa71af2a3562ea043111d22e80d,dc517a7af3b08f1395fac9bb22cac907342aeaf73c80c095b5b18867e96f2ab5,218451968,3.13.6,Windows-11-10.0.26200-SP0,2026-09-13T11:02:36.482636+00:00
scale:3000000:2:hybrid:16:timed,0cfc5c7c0a5005d27a3bb518d776b983a8427406ffd6c39541c6c0566dfea02b,0c66ee43f1117e7a,c(i),scale,hybrid,3000000,16,1000000,30200102,2,timed,,25.078125,25.449490800034255,1,25.078125,25.449490800034255,1,True,True,exact_histogram+sum+squares+xor,True,1500238678784,1000331586130345246,736078,29dc2d4059b27fc7403fdc87c386eb2320fb8aa71af2a3562ea043111d22e80d,dc517a7af3b08f1395fac9bb22cac907342aeaf73c80c095b5b18867e96f2ab5,218451968,3.13.6,Windows-11-10.0.26200-SP0,2026-09-13T11:03:04.957316+00:00
scale:10000000:0:hybrid:16:counted,0cfc5c7c0a5005d27a3bb518d776b983a8427406ffd6c39541c6c0566dfea02b,0c66ee43f1117e7a,c(i),scale,hybrid,10000000,16,1000000,100200100,0,counted,226419005,,,1,,,0,True,True,exact_histogram+sum+squares+xor,True,4999741972355,3333074329166292195,662633,58f6aea724bcb75662bd343213144dadbd171e3d66f2ae9a9ec565a09cb3136d,42737e2b7c9e1d46740adb6848a9281836318582ed814c3efbab74b703710a83,611328000,3.13.6,Windows-11-10.0.26200-SP0,2026-09-13T11:05:13.011005+00:00
scale:10000000:0:hybrid:16:timed,0cfc5c7c0a5005d27a3bb518d776b983a8427406ffd6c39541c6c0566dfea02b,0c66ee43f1117e7a,c(i),scale,hybrid,10000000,16,1000000,100200100,0,timed,,74.15625,76.14403409999795,1,74.15625,76.14403409999795,1,True,True,exact_histogram+sum+squares+xor,True,4999741972355,3333074329166292195,662633,58f6aea724bcb75662bd343213144dadbd171e3d66f2ae9a9ec565a09cb3136d,42737e2b7c9e1d46740adb6848a9281836318582ed814c3efbab74b703710a83,611295232,3.13.6,Windows-11-10.0.26200-SP0,2026-09-13T11:06:35.632100+00:00
scale:10000000:1:hybrid:16:timed,0cfc5c7c0a5005d27a3bb518d776b983a8427406ffd6c39541c6c0566dfea02b,0c66ee43f1117e7a,c(i),scale,hybrid,10000000,16,1000000,100200101,1,timed,,46.734375,48.252427299972624,1,46.734375,48.252427299972624,0,True,True,exact_histogram+sum+squares+xor,True,4999264575593,3332902944499590977,327149,7f4bf4b0ec58dc6dbbc016d237c9a95f5355fb451bb4e6f938d91518caca34b1,a4e35998f9feb1112a6c0837c8afe90c491883e028fe1e7272190c7d50e4a822,611299328,3.13.6,Windows-11-10.0.26200-SP0,2026-09-13T11:07:36.706556+00:00
scale:10000000:1:hybrid:16:counted,0cfc5c7c0a5005d27a3bb518d776b983a8427406ffd6c39541c6c0566dfea02b,0c66ee43f1117e7a,c(i),scale,hybrid,10000000,16,1000000,100200101,1,counted,226420353,,,1,,,1,True,True,exact_histogram+sum+squares+xor,True,4999264575593,3332902944499590977,327149,7f4bf4b0ec58dc6dbbc016d237c9a95f5355fb451bb4e6f938d91518caca34b1,a4e35998f9feb1112a6c0837c8afe90c491883e028fe1e7272190c7d50e4a822,611299328,3.13.6,Windows-11-10.0.26200-SP0,2026-09-13T11:08:58.247702+00:00
scale:10000000:2:hybrid:16:counted,0cfc5c7c0a5005d27a3bb518d776b983a8427406ffd6c39541c6c0566dfea02b,0c66ee43f1117e7a,c(i),scale,hybrid,10000000,16,1000000,100200102,2,counted,226412108,,,1,,,0,True,True,exact_histogram+sum+squares+xor,True,5000525930153,3333915226690587125,473997,055dade1b673dc58407bb12fccdab5e7f6ce1bb5b028468a5b5594ddfe0e55c4,0cb77f3ddd7a49831193dfa2a99d8b6b7c87fd2e8845fa665e9bc97543dbcdaa,611389440,3.13.6,Windows-11-10.0.26200-SP0,2026-09-13T11:10:55.114820+00:00
scale:10000000:2:hybrid:16:timed,0cfc5c7c0a5005d27a3bb518d776b983a8427406ffd6c39541c6c0566dfea02b,0c66ee43f1117e7a,c(i),scale,hybrid,10000000,16,1000000,100200102,2,timed,,85.0625,86.54371230001561,1,85.0625,86.54371230001561,1,True,True,exact_histogram+sum+squares+xor,True,5000525930153,3333915226690587125,473997,055dade1b673dc58407bb12fccdab5e7f6ce1bb5b028468a5b5594ddfe0e55c4,0cb77f3ddd7a49831193dfa2a99d8b6b7c87fd2e8845fa665e9bc97543dbcdaa,611418112,3.13.6,Windows-11-10.0.26200-SP0,2026-09-13T11:12:30.473441+00:00
final:10000000:0:original:1:counted,0cfc5c7c0a5005d27a3bb518d776b983a8427406ffd6c39541c6c0566dfea02b,0c66ee43f1117e7a,d,final,original,10000000,1,1000000,100900100,0,counted,220095927,,,1,,,0,True,True,exact_histogram+sum+squares+xor,True,5001951277374,3335303156257592252,954074,543600593534064cbefac380e29503a004003d43ab765c7570eb6786f0205cfe,ea2bbf39d4f7490a45f6e59956e7b1365355ee49077b37c6c23535cec8fe015f,608501760,3.13.6,Windows-11-10.0.26200-SP0,2026-09-13T11:14:47.945366+00:00
final:10000000:0:hybrid:12:counted,0cfc5c7c0a5005d27a3bb518d776b983a8427406ffd6c39541c6c0566dfea02b,0c66ee43f1117e7a,d,final,hybrid,10000000,12,1000000,100900100,0,counted,226418149,,,1,,,1,True,True,exact_histogram+sum+squares+xor,True,5001951277374,3335303156257592252,954074,543600593534064cbefac380e29503a004003d43ab765c7570eb6786f0205cfe,ea2bbf39d4f7490a45f6e59956e7b1365355ee49077b37c6c23535cec8fe015f,608833536,3.13.6,Windows-11-10.0.26200-SP0,2026-09-13T11:16:47.963916+00:00
final:10000000:0:hybrid:12:timed,0cfc5c7c0a5005d27a3bb518d776b983a8427406ffd6c39541c6c0566dfea02b,0c66ee43f1117e7a,d,final,hybrid,10000000,12,1000000,100900100,0,timed,,85.0,90.41749639995396,1,85.0,90.41749639995396,2,True,True,exact_histogram+sum+squares+xor,True,5001951277374,3335303156257592252,954074,543600593534064cbefac380e29503a004003d43ab765c7570eb6786f0205cfe,ea2bbf39d4f7490a45f6e59956e7b1365355ee49077b37c6c23535cec8fe015f,608534528,3.13.6,Windows-11-10.0.26200-SP0,2026-09-13T11:18:27.006579+00:00
final:10000000:0:original:1:timed,0cfc5c7c0a5005d27a3bb518d776b983a8427406ffd6c39541c6c0566dfea02b,0c66ee43f1117e7a,d,final,original,10000000,1,1000000,100900100,0,timed,,78.96875,80.7207307999488,1,78.96875,80.7207307999488,3,True,True,exact_histogram+sum+squares+xor,True,5001951277374,3335303156257592252,954074,543600593534064cbefac380e29503a004003d43ab765c7570eb6786f0205cfe,ea2bbf39d4f7490a45f6e59956e7b1365355ee49077b37c6c23535cec8fe015f,608366592,3.13.6,Windows-11-10.0.26200-SP0,2026-09-13T11:19:56.763803+00:00
final:10000000:1:hybrid:12:counted,0cfc5c7c0a5005d27a3bb518d776b983a8427406ffd6c39541c6c0566dfea02b,0c66ee43f1117e7a,d,final,hybrid,10000000,12,1000000,100900101,1,counted,226424963,,,1,,,0,True,True,exact_histogram+sum+squares+xor,True,5000635017559,3334142667503656331,893665,501fbec4f0b5ce54a2c93ca0e6380c921478dc6a0d43b29858b62399c56b5b47,607728e128b0922fdbb7d864d8aa02cbd80347747e6831efc713e4a0d9b04e9f,608358400,3.13.6,Windows-11-10.0.26200-SP0,2026-09-13T11:21:38.743459+00:00
final:10000000:1:original:1:counted,0cfc5c7c0a5005d27a3bb518d776b983a8427406ffd6c39541c6c0566dfea02b,0c66ee43f1117e7a,d,final,original,10000000,1,1000000,100900101,1,counted,220099689,,,1,,,1,True,True,exact_histogram+sum+squares+xor,True,5000635017559,3334142667503656331,893665,501fbec4f0b5ce54a2c93ca0e6380c921478dc6a0d43b29858b62399c56b5b47,607728e128b0922fdbb7d864d8aa02cbd80347747e6831efc713e4a0d9b04e9f,608542720,3.13.6,Windows-11-10.0.26200-SP0,2026-09-13T11:22:34.104620+00:00
final:10000000:1:original:1:timed,0cfc5c7c0a5005d27a3bb518d776b983a8427406ffd6c39541c6c0566dfea02b,0c66ee43f1117e7a,d,final,original,10000000,1,1000000,100900101,1,timed,,92.09375,93.81681940006092,1,92.09375,93.81681940006092,2,True,True,exact_histogram+sum+squares+xor,True,5000635017559,3334142667503656331,893665,501fbec4f0b5ce54a2c93ca0e6380c921478dc6a0d43b29858b62399c56b5b47,607728e128b0922fdbb7d864d8aa02cbd80347747e6831efc713e4a0d9b04e9f,606814208,3.13.6,Windows-11-10.0.26200-SP0,2026-09-13T11:24:17.401072+00:00
final:10000000:1:hybrid:12:timed,0cfc5c7c0a5005d27a3bb518d776b983a8427406ffd6c39541c6c0566dfea02b,0c66ee43f1117e7a,d,final,hybrid,10000000,12,1000000,100900101,1,timed,,99.90625,101.87633909995202,1,99.90625,101.87633909995202,3,True,True,exact_histogram+sum+squares+xor,True,5000635017559,3334142667503656331,893665,501fbec4f0b5ce54a2c93ca0e6380c921478dc6a0d43b29858b62399c56b5b47,607728e128b0922fdbb7d864d8aa02cbd80347747e6831efc713e4a0d9b04e9f,607154176,3.13.6,Windows-11-10.0.26200-SP0,2026-09-13T11:26:08.853400+00:00
final:10000000:2:hybrid:12:counted,0cfc5c7c0a5005d27a3bb518d776b983a8427406ffd6c39541c6c0566dfea02b,0c66ee43f1117e7a,d,final,hybrid,10000000,12,1000000,100900102,2,counted,226417959,,,1,,,0,True,True,exact_histogram+sum+squares+xor,True,4999440778306,3332934495828736990,161316,c525f96920a66239187c4931e11d7549dd6884b8234ac18749be9bc36919bfa7,547c6c01d64fb40e795d4163491c37849747981d449fd8f7c22bb3c2aa7a38e6,606326784,3.13.6,Windows-11-10.0.26200-SP0,2026-09-13T11:28:09.884796+00:00
final:10000000:2:original:1:counted,0cfc5c7c0a5005d27a3bb518d776b983a8427406ffd6c39541c6c0566dfea02b,0c66ee43f1117e7a,d,final,original,10000000,1,1000000,100900102,2,counted,220101452,,,1,,,1,True,True,exact_histogram+sum+squares+xor,True,4999440778306,3332934495828736990,161316,c525f96920a66239187c4931e11d7549dd6884b8234ac18749be9bc36919bfa7,547c6c01d64fb40e795d4163491c37849747981d449fd8f7c22bb3c2aa7a38e6,606224384,3.13.6,Windows-11-10.0.26200-SP0,2026-09-13T11:30:12.303265+00:00
final:10000000:2:original:1:timed,0cfc5c7c0a5005d27a3bb518d776b983a8427406ffd6c39541c6c0566dfea02b,0c66ee43f1117e7a,d,final,original,10000000,1,1000000,100900102,2,timed,,92.515625,94.18875730002765,1,92.515625,94.18875730002765,2,True,True,exact_histogram+sum+squares+xor,True,4999440778306,3332934495828736990,161316,c525f96920a66239187c4931e11d7549dd6884b8234ac18749be9bc36919bfa7,547c6c01d64fb40e795d4163491c37849747981d449fd8f7c22bb3c2aa7a38e6,606318592,3.13.6,Windows-11-10.0.26200-SP0,2026-09-13T11:31:55.283497+00:00
final:10000000:2:hybrid:12:timed,0cfc5c7c0a5005d27a3bb518d776b983a8427406ffd6c39541c6c0566dfea02b,0c66ee43f1117e7a,d,final,hybrid,10000000,12,1000000,100900102,2,timed,,94.078125,95.76687150006182,1,94.078125,95.76687150006182,3,True,True,exact_histogram+sum+squares+xor,True,4999440778306,3332934495828736990,161316,c525f96920a66239187c4931e11d7549dd6884b8234ac18749be9bc36919bfa7,547c6c01d64fb40e795d4163491c37849747981d449fd8f7c22bb3c2aa7a38e6,605884416,3.13.6,Windows-11-10.0.26200-SP0,2026-09-13T11:33:40.117912+00:00
